Pueblo_1990,0,
Pueblo_1991,0,
Pueblo_1992,0,
Pueblo_1993,1,
Pueblo_1994,0,
Pueblo_1995,0,
Pueblo_1996,0,
Pueblo_1997,0,
Pueblo_1998,0,
Pueblo_1999,0,
Pueblo_2000,0,
Pueblo_2001,0,
Pueblo_2002,0,
Pueblo_2003,0,
Pueblo_2004,0,
Pueblo_2005,1,
Pueblo_2006,5,
Pueblo_2007,0,
Pueblo_2008,2,
Pueblo_2009,1,
Pueblo_2010,13,
Pueblo_2011,0,
Pueblo_2012,0,
Pueblo_2013,0,
Pueblo_2014,0,
Pueblo_2015,0,
Pueblo_2016,0,
Pueblo_2017,0,
Pueblo_2018,0,
Pueblo_2019,1,
Colorado Springs_1990,0,
Colorado Springs_1991,0,
Colorado Springs_1992,0,
Colorado Springs_1993,0,
Colorado Springs_1994,0,
Colorado Springs_1995,0,
Colorado Springs_1996,0,
Colorado Springs_1997,0,
Colorado Springs_1998,0,
Colorado Springs_1999,0,
Colorado Springs_2000,0,
Colorado Springs_2001,0,
Colorado Springs_2002,0,
Colorado Springs_2003,0,
Colorado Springs_2004,0,
Colorado Springs_2005,0,
Colorado Springs_2006,0,
Colorado Springs_2007,0,
Colorado Springs_2008,0,
Colorado Springs_2009,0,
Colorado Springs_2010,0,
Colorado Springs_2011,0,
Colorado Springs_2012,0,
Colorado Springs_2013,0,
Colorado Springs_2014,0,
Colorado Springs_2015,0,
Colorado Springs_2016,0,
Colorado Springs_2017,0,
Colorado Springs_2018,0,
Colorado Springs_2019,0,
Bridgeport_1990,0,
Bridgeport_1991,0,
Bridgeport_1992,0,
Bridgeport_1993,0,
Bridgeport_1994,0,
Bridgeport_1995,0,
Bridgeport_1996,0,
Bridgeport_1997,0,
Bridgeport_1998,0,
Bridgeport_1999,0,
Bridgeport_2000,3,
Bridgeport_2001,0,
Bridgeport_2002,51,
Bridgeport_2003,6,
Bridgeport_2004,0,
Bridgeport_2005,0,
Bridgeport_2006,2,
Bridgeport_2007,0,
Bridgeport_2008,7,
Bridgeport_2009,30,
Bridgeport_2010,0,
Bridgeport_2011,5,
Bridgeport_2012,4,
Bridgeport_2013,0,
Bridgeport_2014,0,
Bridgeport_2015,2,
Bridgeport_2016,0,
Bridgeport_2017,0,
Bridgeport_2018,0,
Bridgeport_2019,2,
Norwich_1990,0,
Norwich_1991,0,
Norwich_1992,0,
Norwich_1993,0,
Norwich_1994,0,
Norwich_1995,0,
Norwich_1996,0,
Norwich_1997,0,
Norwich_1998,0,
Norwich_1999,0,
Norwich_2000,0,
Norwich_2001,0,
Norwich_2002,0,
Norwich_2003,0,
Norwich_2004,0,
Norwich_2005,0,
Norwich_2006,1,
Norwich_2007,1,
Norwich_2008,4,
Norwich_2009,0,
Norwich_2010,4,
Norwich_2011,0,
Norwich_2012,0,
Norwich_2013,0,
Norwich_2014,0,
Norwich_2015,0,
Norwich_2016,0,
Norwich_2017,0,
Norwich_2018,4,
Norwich_2019,0,
Wilmington_1990,0,
Wilmington_1991,0,
Wilmington_1992,0,
Wilmington_1993,0,
Wilmington_1994,0,
Wilmington_1995,0,
Wilmington_1996,0,
Wilmington_1997,0,
Wilmington_1998,0,
Wilmington_1999,0,
Wilmington_2000,0,
Wilmington_2001,0,
Wilmington_2002,0,
Wilmington_2003,0,
Wilmington_2004,0,
Wilmington_2005,0,
Wilmington_2006,6,
Wilmington_2007,10,
Wilmington_2008,0,
Wilmington_2009,10,
Wilmington_2010,3,
Wilmington_2011,11,
Wilmington_2012,1,
Wilmington_2013,0,
Wilmington_2014,1,
Wilmington_2015,0,
Wilmington_2016,0,
Wilmington_2017,0,
Wilmington_2018,3,
Wilmington_2019,3,
Orlando_1990,0,
Orlando_1991,0,
Orlando_1992,0,
Orlando_1993,0,
Orlando_1994,0,
Orlando_1995,0,
Orlando_1996,0,
Orlando_1997,0,
Orlando_1998,0,
Orlando_1999,0,
Orlando_2000,0,
Orlando_2001,0,
Orlando_2002,0,
Orlando_2003,0,
Orlando_2004,2,
Orlando_2005,0,
Orlando_2006,0,
Orlando_2007,0,
Orlando_2008,1,
Orlando_2009,0,
Orlando_2010,4,
Orlando_2011,0,
Orlando_2012,0,
Orlando_2013,0,
Orlando_2014,0,
Orlando_2015,0,
Orlando_2016,0,
Orlando_2017,0,
Orlando_2018,1,
Orlando_2019,0,
Palm Beach_1990,0,
Palm Beach_1991,0,
Palm Beach_1992,0,
Palm Beach_1993,0,
Palm Beach_1994,0,
Palm Beach_1995,0,
Palm Beach_1996,0,
Palm Beach_1997,0,
Palm Beach_1998,0,
Palm Beach_1999,0,
Palm Beach_2000,0,
Palm Beach_2001,0,
Palm Beach_2002,15,
Palm Beach_2003,8,
Palm Beach_2004,2,
Palm Beach_2005,0,
Palm Beach_2006,5,
Palm Beach_2007,0,
Palm Beach_2008,0,
Palm Beach_2009,0,
Palm Beach_2010,0,
Palm Beach_2011,0,
Palm Beach_2012,0,
Palm Beach_2013,0,
Palm Beach_2014,0,
Palm Beach_2015,0,
Palm Beach_2016,0,
Palm Beach_2017,4,
Palm Beach_2018,0,
Palm Beach_2019,0,
Pensacola-Tallahassee_1990,0,
Pensacola-Tallahassee_1991,0,
Pensacola-Tallahassee_1992,0,
Pensacola-Tallahassee_1993,0,
Pensacola-Tallahassee_1994,0,
Pensacola-Tallahassee_1995,0,
Pensacola-Tallahassee_1996,0,
Pensacola-Tallahassee_1997,0,
Pensacola-Tallahassee_1998,0,
Pensacola-Tallahassee_1999,0,
Pensacola-Tallahassee_2000,0,
Pensacola-Tallahassee_2001,0,
Pensacola-Tallahassee_2002,0,
Pensacola-Tallahassee_2003,0,
Pensacola-Tallahassee_2004,0,
Pensacola-Tallahassee_2005,0,
Pensacola-Tallahassee_2006,0,
Pensacola-Tallahassee_2007,0,
Pensacola-Tallahassee_2008,0,
Pensacola-Tallahassee_2009,0,
Pensacola-Tallahassee_2010,0,
Pensacola-Tallahassee_2011,0,
Pensacola-Tallahassee_2012,0,
Pensacola-Tallahassee_2013,0,
Pensacola-Tallahassee_2014,0,
Pensacola-Tallahassee_2015,0,
Pensacola-Tallahassee_2016,0,
Pensacola-Tallahassee_2017,0,
Pensacola-Tallahassee_2018,0,
Pensacola-Tallahassee_2019,0,
St. Augustine_1990,0,
St. Augustine_1991,0,
St. Augustine_1992,0,
St. Augustine_1993,0,
St. Augustine_1994,0,
St. Augustine_1995,0,
St. Augustine_1996,0,
St. Augustine_1997,0,
St. Augustine_1998,0,
St. Augustine_1999,0,
St. Augustine_2000,0,
St. Augustine_2001,0,
St. Augustine_2002,0,
St. Augustine_2003,0,
St. Augustine_2004,0,
St. Augustine_2005,0,
St. Augustine_2006,0,
St. Augustine_2007,0,
St. Augustine_2008,0,
St. Augustine_2009,0,
St. Augustine_2010,0,
St. Augustine_2011,0,
St. Augustine_2012,0,
St. Augustine_2013,0,
St. Augustine_2014,0,
St. Augustine_2015,0,
St. Augustine_2016,0,
St. Augustine_2017,0,
St. Augustine_2018,0,
St. Augustine_2019,0,
St. Petersburg_1990,0,
St. Petersburg_1991,0,
St. Petersburg_1992,0,
St. Petersburg_1993,0,
St. Petersburg_1994,0,
St. Petersburg_1995,0,
St. Petersburg_1996,0,
St. Petersburg_1997,0,
St. Petersburg_1998,0,
St. Petersburg_1999,0,
St. Petersburg_2000,0,
St. Petersburg_2001,0,
St. Petersburg_2002,11,
St. Petersburg_2003,0,
St. Petersburg_2004,1,
St. Petersburg_2005,0,
St. Petersburg_2006,0,
St. Petersburg_2007,0,
St. Petersburg_2008,0,
St. Petersburg_2009,0,
St. Petersburg_2010,0,
St. Petersburg_2011,0,
St. Petersburg_2012,0,
St. Petersburg_2013,2,
St. Petersburg_2014,1,
St. Petersburg_2015,0,
St. Petersburg_2016,0,
St. Petersburg_2017,0,
St. Petersburg_2018,1,
St. Petersburg_2019,10,
Venice_1990,0,
Venice_1991,0,
Venice_1992,0,
Venice_1993,0,
Venice_1994,0,
Venice_1995,0,
Venice_1996,0,
Venice_1997,0,
Venice_1998,0,
Venice_1999,0,
Venice_2000,0,
Venice_2001,0,
Venice_2002,0,
Venice_2003,0,
Venice_2004,0,
Venice_2005,0,
Venice_2006,0,
Venice_2007,0,
Venice_2008,0,
Venice_2009,0,
Venice_2010,2,
Venice_2011,0,
Venice_2012,0,
Venice_2013,0,
Venice_2014,0,
Venice_2015,0,
Venice_2016,0,
Venice_2017,0,
Venice_2018,0,
Venice_2019,0,
Savannah_1990,0,
Savannah_1991,0,
Savannah_1992,0,
Savannah_1993,0,
Savannah_1994,0,
Savannah_1995,0,
Savannah_1996,0,
Savannah_1997,0,
Savannah_1998,0,
Savannah_1999,0,
Savannah_2000,0,
Savannah_2001,0,
Savannah_2002,0,
Savannah_2003,0,
Savannah_2004,0,
Savannah_2005,0,
Savannah_2006,0,
Savannah_2007,0,
Savannah_2008,0,
Savannah_2009,1,
Savannah_2010,0,
Savannah_2011,0,
Savannah_2012,0,
Savannah_2013,0,
Savannah_2014,0,
Savannah_2015,0,
Savannah_2016,0,
Savannah_2017,0,
Savannah_2018,0,
Savannah_2019,0,
Honolulu_1990,0,
Honolulu_1991,0,
Honolulu_1992,0,
Honolulu_1993,0,
Honolulu_1994,0,
Honolulu_1995,0,
Honolulu_1996,0,
Honolulu_1997,0,
Honolulu_1998,0,
Honolulu_1999,0,
Honolulu_2000,0,
Honolulu_2001,0,
Honolulu_2002,0,
Honolulu_2003,1,
Honolulu_2004,0,
Honolulu_2005,0,
Honolulu_2006,0,
Honolulu_2007,0,
Honolulu_2008,0,
Honolulu_2009,0,
Honolulu_2010,0,
Honolulu_2011,0,
Honolulu_2012,1,
Honolulu_2013,4,
Honolulu_2014,0,
Honolulu_2015,0,
Honolulu_2016,0,
Honolulu_2017,1,
Honolulu_2018,1,
Honolulu_2019,0,
Belleville_1990,0,
Belleville_1991,0,
Belleville_1992,0,
Belleville_1993,2,
Belleville_1994,0,
Belleville_1995,0,
Belleville_1996,1,
Belleville_1997,0,
Belleville_1998,0,
Belleville_1999,0,
Belleville_2000,0,
Belleville_2001,0,
Belleville_2002,6,
Belleville_2003,1,
Belleville_2004,2,
Belleville_2005,0,
Belleville_2006,0,
Belleville_2007,1,
Belleville_2008,1,
Belleville_2009,1,
Belleville_2010,0,
Belleville_2011,3,
Belleville_2012,0,
Belleville_2013,1,
Belleville_2014,20,
Belleville_2015,0,
Belleville_2016,0,
Belleville_2017,0,
Belleville_2018,0,
Belleville_2019,0,
Joliet_1990,0,
Joliet_1991,0,
Joliet_1992,0,
Joliet_1993,0,
Joliet_1994,0,
Joliet_1995,0,
Joliet_1996,0,
Joliet_1997,0,
Joliet_1998,0,
Joliet_1999,0,
Joliet_2000,0,
Joliet_2001,0,
Joliet_2002,7,
Joliet_2003,0,
Joliet_2004,0,
Joliet_2005,0,
Joliet_2006,14,
Joliet_2007,1,
Joliet_2008,1,
Joliet_2009,0,
Joliet_2010,1,
Joliet_2011,1,
Joliet_2012,0,
Joliet_2013,2,
Joliet_2014,0,
Joliet_2015,0,
Joliet_2016,1,
Joliet_2017,0,
Joliet_2018,10,
Joliet_2019,0,
Peoria_1990,0,
Peoria_1991,0,
Peoria_1992,0,
Peoria_1993,0,
Peoria_1994,0,
Peoria_1995,0,
Peoria_1996,0,
Peoria_1997,0,
Peoria_1998,0,
Peoria_1999,0,
Peoria_2000,0,
Peoria_2001,0,
Peoria_2002,3,
Peoria_2003,0,
Peoria_2004,0,
Peoria_2005,0,
Peoria_2006,6,
Peoria_2007,0,
Peoria_2008,0,
Peoria_2009,2,
Peoria_2010,1,
Peoria_2011,0,
Peoria_2012,0,
Peoria_2013,4,
Peoria_2014,0,
Peoria_2015,0,
Peoria_2016,0,
Peoria_2017,0,
Peoria_2018,8,
Peoria_2019,7,
Rockford_1990,0,
Rockford_1991,0,
Rockford_1992,0,
Rockford_1993,0,
Rockford_1994,0,
Rockford_1995,0,
Rockford_1996,0,
Rockford_1997,0,
Rockford_1998,0,
Rockford_1999,0,
Rockford_2000,0,
Rockford_2001,0,
Rockford_2002,0,
Rockford_2003,0,
Rockford_2004,0,
Rockford_2005,0,
Rockford_2006,2,
Rockford_2007,1,
Rockford_2008,0,
Rockford_2009,0,
Rockford_2010,1,
Rockford_2011,0,
Rockford_2012,0,
Rockford_2013,0,
Rockford_2014,0,
Rockford_2015,0,
Rockford_2016,1,
Rockford_2017,0,
Rockford_2018,4,
Rockford_2019,1,
Springfield in Illinois_1990,0,
Springfield in Illinois_1991,0,
Springfield in Illinois_1992,0,
Springfield in Illinois_1993,0,
Springfield in Illinois_1994,0,
Springfield in Illinois_1995,0,
Springfield in Illinois_1996,0,
Springfield in Illinois_1997,0,
Springfield in Illinois_1998,0,
Springfield in Illinois_1999,0,
Springfield in Illinois_2000,0,
Springfield in Illinois_2001,0,
Springfield in Illinois_2002,0,
Springfield in Illinois_2003,0,
Springfield in Illinois_2004,0,
Springfield in Illinois_2005,0,
Springfield in Illinois_2006,0,
Springfield in Illinois_2007,0,
Springfield in Illinois_2008,0,
Springfield in Illinois_2009,0,
Springfield in Illinois_2010,0,
Springfield in Illinois_2011,0,
Springfield in Illinois_2012,0,
Springfield in Illinois_2013,0,
Springfield in Illinois_2014,0,
Springfield in Illinois_2015,0,
Springfield in Illinois_2016,0,
Springfield in Illinois_2017,0,
Springfield in Illinois_2018,0,
Springfield in Illinois_2019,0,
Evansville_1990,0,
Evansville_1991,0,
Evansville_1992,0,
Evansville_1993,0,
Evansville_1994,0,
Evansville_1995,0,
Evansville_1996,0,
Evansville_1997,0,
Evansville_1998,0,
Evansville_1999,0,
Evansville_2000,0,
Evansville_2001,0,
Evansville_2002,13,
Evansville_2003,0,
Evansville_2004,0,
Evansville_2005,0,
Evansville_2006,0,
Evansville_2007,3,
Evansville_2008,0,
Evansville_2009,0,
Evansville_2010,0,
Evansville_2011,1,
Evansville_2012,0,
Evansville_2013,0,
Evansville_2014,0,
Evansville_2015,0,
Evansville_2016,0,
Evansville_2017,0,
Evansville_2018,2,
Evansville_2019,1,
Fort Wayne-South Bend_1990,0,
Fort Wayne-South Bend_1991,0,
Fort Wayne-South Bend_1992,0,
Fort Wayne-South Bend_1993,0,
Fort Wayne-South Bend_1994,0,
Fort Wayne-South Bend_1995,0,
Fort Wayne-South Bend_1996,0,
Fort Wayne-South Bend_1997,0,
Fort Wayne-South Bend_1998,0,
Fort Wayne-South Bend_1999,0,
Fort Wayne-South Bend_2000,0,
Fort Wayne-South Bend_2001,0,
Fort Wayne-South Bend_2002,7,
Fort Wayne-South Bend_2003,0,
Fort Wayne-South Bend_2004,0,
Fort Wayne-South Bend_2005,0,
Fort Wayne-South Bend_2006,0,
Fort Wayne-South Bend_2007,0,
Fort Wayne-South Bend_2008,1,
Fort Wayne-South Bend_2009,0,
Fort Wayne-South Bend_2010,0,
Fort Wayne-South Bend_2011,0,
Fort Wayne-South Bend_2012,0,
Fort Wayne-South Bend_2013,5,
Fort Wayne-South Bend_2014,1,
Fort Wayne-South Bend_2015,0,
Fort Wayne-South Bend_2016,0,
Fort Wayne-South Bend_2017,0,
Fort Wayne-South Bend_2018,6,
Fort Wayne-South Bend_2019,0,
Gary_1990,0,
Gary_1991,0,
Gary_1992,0,
Gary_1993,0,
Gary_1994,0,
Gary_1995,0,
Gary_1996,0,
Gary_1997,0,
Gary_1998,0,
Gary_1999,0,
Gary_2000,0,
Gary_2001,0,
Gary_2002,0,
Gary_2003,0,
Gary_2004,0,
Gary_2005,0,
Gary_2006,0,
Gary_2007,0,
Gary_2008,2,
Gary_2009,0,
Gary_2010,0,
Gary_2011,0,
Gary_2012,0,
Gary_2013,0,
Gary_2014,0,
Gary_2015,0,
Gary_2016,0,
Gary_2017,0,
Gary_2018,1,
Gary_2019,0,
Lafayette in Indiana_1990,0,
Lafayette in Indiana_1991,0,
Lafayette in Indiana_1992,0,
Lafayette in Indiana_1993,0,
Lafayette in Indiana_1994,0,
Lafayette in Indiana_1995,0,
Lafayette in Indiana_1996,0,
Lafayette in Indiana_1997,0,
Lafayette in Indiana_1998,0,
Lafayette in Indiana_1999,0,
Lafayette in Indiana_2000,0,
Lafayette in Indiana_2001,0,
Lafayette in Indiana_2002,0,
Lafayette in Indiana_2003,0,
Lafayette in Indiana_2004,0,
Lafayette in Indiana_2005,0,
Lafayette in Indiana_2006,0,
Lafayette in Indiana_2007,0,
Lafayette in Indiana_2008,0,
Lafayette in Indiana_2009,0,
Lafayette in Indiana_2010,0,
Lafayette in Indiana_2011,0,
Lafayette in Indiana_2012,0,
Lafayette in Indiana_2013,1,
Lafayette in Indiana_2014,0,
Lafayette in Indiana_2015,0,
Lafayette in Indiana_2016,0,
Lafayette in Indiana_2017,0,
Lafayette in Indiana_2018,0,
Lafayette in Indiana_2019,0,
Davenport_1990,0,
Davenport_1991,0,
Davenport_1992,0,
Davenport_1993,0,
Davenport_1994,0,
Davenport_1995,0,
Davenport_1996,0,
Davenport_1997,0,
Davenport_1998,0,
Davenport_1999,0,
Davenport_2000,0,
Davenport_2001,0,
Davenport_2002,0,
Davenport_2003,0,
Davenport_2004,7,
Davenport_2005,0,
Davenport_2006,44,
Davenport_2007,34,
Davenport_2008,19,
Davenport_2009,4,
Davenport_2010,0,
Davenport_2011,0,
Davenport_2012,0,
Davenport_2013,1,
Davenport_2014,0,
Davenport_2015,0,
Davenport_2016,0,
Davenport_2017,0,
Davenport_2018,0,
Davenport_2019,10,
Des Moines_1990,0,
Des Moines_1991,0,
Des Moines_1992,0,
Des Moines_1993,0,
Des Moines_1994,0,
Des Moines_1995,0,
Des Moines_1996,0,
Des Moines_1997,0,
Des Moines_1998,0,
Des Moines_1999,0,
Des Moines_2000,0,
Des Moines_2001,0,
Des Moines_2002,0,
Des Moines_2003,0,
Des Moines_2004,0,
Des Moines_2005,0,
Des Moines_2006,5,
Des Moines_2007,2,
Des Moines_2008,0,
Des Moines_2009,0,
Des Moines_2010,0,
Des Moines_2011,0,
Des Moines_2012,0,
Des Moines_2013,0,
Des Moines_2014,1,
Des Moines_2015,0,
Des Moines_2016,0,
Des Moines_2017,0,
Des Moines_2018,0,
Des Moines_2019,3,
Sioux City_1990,0,
Sioux City_1991,0,
Sioux City_1992,0,
Sioux City_1993,0,
Sioux City_1994,0,
Sioux City_1995,0,
Sioux City_1996,0,
Sioux City_1997,0,
Sioux City_1998,0,
Sioux City_1999,0,
Sioux City_2000,0,
Sioux City_2001,0,
Sioux City_2002,1,
Sioux City_2003,0,
Sioux City_2004,0,
Sioux City_2005,0,
Sioux City_2006,7,
Sioux City_2007,5,
Sioux City_2008,1,
Sioux City_2009,0,
Sioux City_2010,0,
Sioux City_2011,0,
Sioux City_2012,0,
Sioux City_2013,0,
Sioux City_2014,0,
Sioux City_2015,0,
Sioux City_2016,0,
Sioux City_2017,0,
Sioux City_2018,12,
Sioux City_2019,0,
Dodge City_1990,0,
Dodge City_1991,0,
Dodge City_1992,0,
Dodge City_1993,0,
Dodge City_1994,0,
Dodge City_1995,0,
Dodge City_1996,0,
Dodge City_1997,0,
Dodge City_1998,0,
Dodge City_1999,0,
Dodge City_2000,0,
Dodge City_2001,0,
Dodge City_2002,0,
Dodge City_2003,0,
Dodge City_2004,0,
Dodge City_2005,0,
Dodge City_2006,0,
Dodge City_2007,0,
Dodge City_2008,0,
Dodge City_2009,0,
Dodge City_2010,2,
Dodge City_2011,0,
Dodge City_2012,0,
Dodge City_2013,0,
Dodge City_2014,0,
Dodge City_2015,0,
Dodge City_2016,0,
Dodge City_2017,0,
Dodge City_2018,0,
Dodge City_2019,1,
Salina_1990,0,
Salina_1991,0,
Salina_1992,0,
Salina_1993,0,
Salina_1994,0,
Salina_1995,0,
Salina_1996,0,
Salina_1997,0,
Salina_1998,0,
Salina_1999,0,
Salina_2000,0,
Salina_2001,0,
Salina_2002,0,
Salina_2003,0,
Salina_2004,0,
Salina_2005,0,
Salina_2006,0,
Salina_2007,0,
Salina_2008,0,
Salina_2009,0,
Salina_2010,0,
Salina_2011,0,
Salina_2012,0,
Salina_2013,0,
Salina_2014,0,
Salina_2015,0,
Salina_2016,0,
Salina_2017,0,
Salina_2018,1,
Salina_2019,3,
Wichita_1990,0,
Wichita_1991,0,
Wichita_1992,0,
Wichita_1993,0,
Wichita_1994,0,
Wichita_1995,0,
Wichita_1996,0,
Wichita_1997,0,
Wichita_1998,0,
Wichita_1999,0,
Wichita_2000,0,
Wichita_2001,0,
Wichita_2002,5,
Wichita_2003,0,
Wichita_2004,1,
Wichita_2005,0,
Wichita_2006,0,
Wichita_2007,0,
Wichita_2008,0,
Wichita_2009,0,
Wichita_2010,3,
Wichita_2011,0,
Wichita_2012,0,
Wichita_2013,0,
Wichita_2014,0,
Wichita_2015,0,
Wichita_2016,0,
Wichita_2017,0,
Wichita_2018,0,
Wichita_2019,2,
Covington_1990,0,
Covington_1991,0,
Covington_1992,0,
Covington_1993,0,
Covington_1994,0,
Covington_1995,0,
Covington_1996,0,
Covington_1997,0,
Covington_1998,0,
Covington_1999,0,
Covington_2000,0,
Covington_2001,0,
Covington_2002,8,
Covington_2003,8,
Covington_2004,6,
Covington_2005,11,
Covington_2006,24,
Covington_2007,4,
Covington_2008,4,
Covington_2009,2,
Covington_2010,1,
Covington_2011,1,
Covington_2012,0,
Covington_2013,0,
Covington_2014,0,
Covington_2015,0,
Covington_2016,0,
Covington_2017,0,
Covington_2018,0,
Covington_2019,10,
Lexington_1990,0,
Lexington_1991,0,
Lexington_1992,0,
Lexington_1993,0,
Lexington_1994,0,
Lexington_1995,0,
Lexington_1996,0,
Lexington_1997,0,
Lexington_1998,0,
Lexington_1999,0,
Lexington_2000,0,
Lexington_2001,0,
Lexington_2002,23,
Lexington_2003,6,
Lexington_2004,0,
Lexington_2005,0,
Lexington_2006,0,
Lexington_2007,0,
Lexington_2008,0,
Lexington_2009,2,
Lexington_2010,0,
Lexington_2011,0,
Lexington_2012,0,
Lexington_2013,0,
Lexington_2014,0,
Lexington_2015,0,
Lexington_2016,0,
Lexington_2017,0,
Lexington_2018,1,
Lexington_2019,0,
Owensboro_1990,0,
Owensboro_1991,0,
Owensboro_1992,0,
Owensboro_1993,0,
Owensboro_1994,0,
Owensboro_1995,0,
Owensboro_1996,0,
Owensboro_1997,0,
Owensboro_1998,0,
Owensboro_1999,0,
Owensboro_2000,0,
Owensboro_2001,0,
Owensboro_2002,0,
Owensboro_2003,0,
Owensboro_2004,0,
Owensboro_2005,0,
Owensboro_2006,0,
Owensboro_2007,0,
Owensboro_2008,0,
Owensboro_2009,0,
Owensboro_2010,0,
Owensboro_2011,0,
Owensboro_2012,0,
Owensboro_2013,0,
Owensboro_2014,0,
Owensboro_2015,0,
Owensboro_2016,0,
Owensboro_2017,0,
Owensboro_2018,0,
Owensboro_2019,0,
Alexandria_1990,0,
Alexandria_1991,0,
Alexandria_1992,0,
Alexandria_1993,0,
Alexandria_1994,0,
Alexandria_1995,0,
Alexandria_1996,0,
Alexandria_1997,0,
Alexandria_1998,0,
Alexandria_1999,0,
Alexandria_2000,0,
Alexandria_2001,0,
Alexandria_2002,0,
Alexandria_2003,0,
Alexandria_2004,0,
Alexandria_2005,0,
Alexandria_2006,0,
Alexandria_2007,0,
Alexandria_2008,0,
Alexandria_2009,0,
Alexandria_2010,0,
Alexandria_2011,0,
Alexandria_2012,0,
Alexandria_2013,0,
Alexandria_2014,0,
Alexandria_2015,0,
Alexandria_2016,0,
Alexandria_2017,0,
Alexandria_2018,0,
Alexandria_2019,0,
Baton Rouge_1990,0,
Baton Rouge_1991,0,
Baton Rouge_1992,0,
Baton Rouge_1993,0,
Baton Rouge_1994,0,
Baton Rouge_1995,0,
Baton Rouge_1996,0,
Baton Rouge_1997,0,
Baton Rouge_1998,0,
Baton Rouge_1999,0,
Baton Rouge_2000,0,
Baton Rouge_2001,0,
Baton Rouge_2002,0,
Baton Rouge_2003,0,
Baton Rouge_2004,3,
Baton Rouge_2005,0,
Baton Rouge_2006,0,
Baton Rouge_2007,2,
Baton Rouge_2008,0,
Baton Rouge_2009,1,
Baton Rouge_2010,0,
Baton Rouge_2011,0,
Baton Rouge_2012,0,
Baton Rouge_2013,0,
Baton Rouge_2014,1,
Baton Rouge_2015,0,
Baton Rouge_2016,1,
Baton Rouge_2017,0,
Baton Rouge_2018,1,
Baton Rouge_2019,2,
Houma-Thibodaux_1990,0,
Houma-Thibodaux_1991,0,
Houma-Thibodaux_1992,0,
Houma-Thibodaux_1993,0,
Houma-Thibodaux_1994,0,
Houma-Thibodaux_1995,0,
Houma-Thibodaux_1996,0,
Houma-Thibodaux_1997,0,
Houma-Thibodaux_1998,0,
Houma-Thibodaux_1999,0,
Houma-Thibodaux_2000,0,
Houma-Thibodaux_2001,0,
Houma-Thibodaux_2002,1,
Houma-Thibodaux_2003,5,
Houma-Thibodaux_2004,0,
Houma-Thibodaux_2005,0,
Houma-Thibodaux_2006,0,
Houma-Thibodaux_2007,0,
Houma-Thibodaux_2008,0,
Houma-Thibodaux_2009,0,
Houma-Thibodaux_2010,0,
Houma-Thibodaux_2011,0,
Houma-Thibodaux_2012,0,
Houma-Thibodaux_2013,0,
Houma-Thibodaux_2014,0,
Houma-Thibodaux_2015,0,
Houma-Thibodaux_2016,0,
Houma-Thibodaux_2017,0,
Houma-Thibodaux_2018,0,
Houma-Thibodaux_2019,3,
Lafayette in Louisiana_1990,0,
Lafayette in Louisiana_1991,0,
Lafayette in Louisiana_1992,0,
Lafayette in Louisiana_1993,0,
Lafayette in Louisiana_1994,0,
Lafayette in Louisiana_1995,0,
Lafayette in Louisiana_1996,0,
Lafayette in Louisiana_1997,0,
Lafayette in Louisiana_1998,0,
Lafayette in Louisiana_1999,0,
Lafayette in Louisiana_2000,0,
Lafayette in Louisiana_2001,0,
Lafayette in Louisiana_2002,0,
Lafayette in Louisiana_2003,0,
Lafayette in Louisiana_2004,0,
Lafayette in Louisiana_2005,0,
Lafayette in Louisiana_2006,0,
Lafayette in Louisiana_2007,0,
Lafayette in Louisiana_2008,0,
Lafayette in Louisiana_2009,0,
Lafayette in Louisiana_2010,0,
Lafayette in Louisiana_2011,0,
Lafayette in Louisiana_2012,0,
Lafayette in Louisiana_2013,0,
Lafayette in Louisiana_2014,0,
Lafayette in Louisiana_2015,0,
Lafayette in Louisiana_2016,0,
Lafayette in Louisiana_2017,0,
Lafayette in Louisiana_2018,0,
Lafayette in Louisiana_2019,0,
Lake Charles_1990,0,
Lake Charles_1991,0,
Lake Charles_1992,0,
Lake Charles_1993,0,
Lake Charles_1994,0,
Lake Charles_1995,0,
Lake Charles_1996,0,
Lake Charles_1997,0,
Lake Charles_1998,0,
Lake Charles_1999,0,
Lake Charles_2000,0,
Lake Charles_2001,0,
Lake Charles_2002,0,
Lake Charles_2003,0,
Lake Charles_2004,0,
Lake Charles_2005,0,
Lake Charles_2006,0,
Lake Charles_2007,0,
Lake Charles_2008,0,
Lake Charles_2009,0,
Lake Charles_2010,0,
Lake Charles_2011,0,
Lake Charles_2012,0,
Lake Charles_2013,0,
Lake Charles_2014,0,
Lake Charles_2015,0,
Lake Charles_2016,0,
Lake Charles_2017,0,
Lake Charles_2018,0,
Lake Charles_2019,4,
Shreveport_1990,0,
Shreveport_1991,0,
Shreveport_1992,0,
Shreveport_1993,0,
Shreveport_1994,0,
Shreveport_1995,0,
Shreveport_1996,0,
Shreveport_1997,0,
Shreveport_1998,0,
Shreveport_1999,0,
Shreveport_2000,0,
Shreveport_2001,0,
Shreveport_2002,0,
Shreveport_2003,0,
Shreveport_2004,0,
Shreveport_2005,0,
Shreveport_2006,0,
Shreveport_2007,0,
Shreveport_2008,0,
Shreveport_2009,0,
Shreveport_2010,0,
Shreveport_2011,0,
Shreveport_2012,0,
Shreveport_2013,0,
Shreveport_2014,0,
Shreveport_2015,0,
Shreveport_2016,0,
Shreveport_2017,0,
Shreveport_2018,0,
Shreveport_2019,4,
Portland in Maine_1990,0,
Portland in Maine_1991,0,
Portland in Maine_1992,0,
Portland in Maine_1993,0,
Portland in Maine_1994,0,
Portland in Maine_1995,0,
Portland in Maine_1996,0,
Portland in Maine_1997,0,
Portland in Maine_1998,0,
Portland in Maine_1999,0,
Portland in Maine_2000,0,
Portland in Maine_2001,0,
Portland in Maine_2002,0,
Portland in Maine_2003,0,
Portland in Maine_2004,0,
Portland in Maine_2005,0,
Portland in Maine_2006,0,
Portland in Maine_2007,0,
Portland in Maine_2008,0,
Portland in Maine_2009,0,
Portland in Maine_2010,0,
Portland in Maine_2011,0,
Portland in Maine_2012,0,
Portland in Maine_2013,0,
Portland in Maine_2014,0,
Portland in Maine_2015,0,
Portland in Maine_2016,0,
Portland in Maine_2017,0,
Portland in Maine_2018,0,
Portland in Maine_2019,0,
Fall River_1990,0,
Fall River_1991,0,
Fall River_1992,10,
Fall River_1993,5,
Fall River_1994,0,
Fall River_1995,0,
Fall River_1996,0,
Fall River_1997,0,
Fall River_1998,0,
Fall River_1999,1,
Fall River_2000,0,
Fall River_2001,0,
Fall River_2002,74,
Fall River_2003,0,
Fall River_2004,2,
Fall River_2005,3,
Fall River_2006,0,
Fall River_2007,0,
Fall River_2008,1,
Fall River_2009,0,
Fall River_2010,0,
Fall River_2011,1,
Fall River_2012,2,
Fall River_2013,0,
Fall River_2014,0,
Fall River_2015,3,
Fall River_2016,0,
Fall River_2017,0,
Fall River_2018,0,
Fall River_2019,0,
Springfield in Massachusetts_1990,0,
Springfield in Massachusetts_1991,0,
Springfield in Massachusetts_1992,0,
Springfield in Massachusetts_1993,0,
Springfield in Massachusetts_1994,0,
Springfield in Massachusetts_1995,0,
Springfield in Massachusetts_1996,0,
Springfield in Massachusetts_1997,0,
Springfield in Massachusetts_1998,0,
Springfield in Massachusetts_1999,0,
Springfield in Massachusetts_2000,0,
Springfield in Massachusetts_2001,0,
Springfield in Massachusetts_2002,0,
Springfield in Massachusetts_2003,0,
Springfield in Massachusetts_2004,0,
Springfield in Massachusetts_2005,0,
Springfield in Massachusetts_2006,0,
Springfield in Massachusetts_2007,0,
Springfield in Massachusetts_2008,0,
Springfield in Massachusetts_2009,0,
Springfield in Massachusetts_2010,0,
Springfield in Massachusetts_2011,0,
Springfield in Massachusetts_2012,0,
Springfield in Massachusetts_2013,0,
Springfield in Massachusetts_2014,0,
Springfield in Massachusetts_2015,0,
Springfield in Massachusetts_2016,0,
Springfield in Massachusetts_2017,0,
Springfield in Massachusetts_2018,0,
Springfield in Massachusetts_2019,0,
Worcester_1990,0,
Worcester_1991,0,
Worcester_1992,1,
Worcester_1993,0,
Worcester_1994,0,
Worcester_1995,0,
Worcester_1996,0,
Worcester_1997,0,
Worcester_1998,0,
Worcester_1999,0,
Worcester_2000,0,
Worcester_2001,0,
Worcester_2002,15,
Worcester_2003,7,
Worcester_2004,0,
Worcester_2005,3,
Worcester_2006,35,
Worcester_2007,0,
Worcester_2008,35,
Worcester_2009,0,
Worcester_2010,0,
Worcester_2011,1,
Worcester_2012,0,
Worcester_2013,35,
Worcester_2014,0,
Worcester_2015,0,
Worcester_2016,0,
Worcester_2017,0,
Worcester_2018,1,
Worcester_2019,0,
Gaylord_1990,0,
Gaylord_1991,0,
Gaylord_1992,0,
Gaylord_1993,0,
Gaylord_1994,0,
Gaylord_1995,0,
Gaylord_1996,0,
Gaylord_1997,0,
Gaylord_1998,0,
Gaylord_1999,0,
Gaylord_2000,0,
Gaylord_2001,0,
Gaylord_2002,0,
Gaylord_2003,0,
Gaylord_2004,0,
Gaylord_2005,0,
Gaylord_2006,0,
Gaylord_2007,0,
Gaylord_2008,0,
Gaylord_2009,0,
Gaylord_2010,0,
Gaylord_2011,0,
Gaylord_2012,0,
Gaylord_2013,4,
Gaylord_2014,0,
Gaylord_2015,0,
Gaylord_2016,0,
Gaylord_2017,0,
Gaylord_2018,0,
Gaylord_2019,0,
Grand Rapids_1990,0,
Grand Rapids_1991,0,
Grand Rapids_1992,0,
Grand Rapids_1993,0,
Grand Rapids_1994,0,
Grand Rapids_1995,0,
Grand Rapids_1996,0,
Grand Rapids_1997,0,
Grand Rapids_1998,0,
Grand Rapids_1999,0,
Grand Rapids_2000,0,
Grand Rapids_2001,0,
Grand Rapids_2002,0,
Grand Rapids_2003,0,
Grand Rapids_2004,0,
Grand Rapids_2005,0,
Grand Rapids_2006,1,
Grand Rapids_2007,1,
Grand Rapids_2008,0,
Grand Rapids_2009,0,
Grand Rapids_2010,0,
Grand Rapids_2011,0,
Grand Rapids_2012,0,
Grand Rapids_2013,0,
Grand Rapids_2014,0,
Grand Rapids_2015,0,
Grand Rapids_2016,0,
Grand Rapids_2017,0,
Grand Rapids_2018,0,
Grand Rapids_2019,0,
Kalamazoo_1990,0,
Kalamazoo_1991,0,
Kalamazoo_1992,0,
Kalamazoo_1993,0,
Kalamazoo_1994,0,
Kalamazoo_1995,0,
Kalamazoo_1996,0,
Kalamazoo_1997,0,
Kalamazoo_1998,0,
Kalamazoo_1999,0,
Kalamazoo_2000,0,
Kalamazoo_2001,0,
Kalamazoo_2002,0,
Kalamazoo_2003,0,
Kalamazoo_2004,0,
Kalamazoo_2005,0,
Kalamazoo_2006,0,
Kalamazoo_2007,0,
Kalamazoo_2008,1,
Kalamazoo_2009,0,
Kalamazoo_2010,0,
Kalamazoo_2011,0,
Kalamazoo_2012,0,
Kalamazoo_2013,0,
Kalamazoo_2014,0,
Kalamazoo_2015,0,
Kalamazoo_2016,3,
Kalamazoo_2017,0,
Kalamazoo_2018,0,
Kalamazoo_2019,12,
Lansing_1990,0,
Lansing_1991,0,
Lansing_1992,0,
Lansing_1993,0,
Lansing_1994,0,
Lansing_1995,0,
Lansing_1996,0,
Lansing_1997,0,
Lansing_1998,0,
Lansing_1999,0,
Lansing_2000,0,
Lansing_2001,0,
Lansing_2002,0,
Lansing_2003,0,
Lansing_2004,0,
Lansing_2005,0,
Lansing_2006,0,
Lansing_2007,0,
Lansing_2008,0,
Lansing_2009,0,
Lansing_2010,1,
Lansing_2011,0,
Lansing_2012,0,
Lansing_2013,0,
Lansing_2014,0,
Lansing_2015,0,
Lansing_2016,0,
Lansing_2017,0,
Lansing_2018,4,
Lansing_2019,5,
Marquette_1990,0,
Marquette_1991,0,
Marquette_1992,0,
Marquette_1993,0,
Marquette_1994,0,
Marquette_1995,0,
Marquette_1996,0,
Marquette_1997,0,
Marquette_1998,0,
Marquette_1999,0,
Marquette_2000,0,
Marquette_2001,0,
Marquette_2002,0,
Marquette_2003,0,
Marquette_2004,0,
Marquette_2005,0,
Marquette_2006,0,
Marquette_2007,0,
Marquette_2008,0,
Marquette_2009,0,
Marquette_2010,0,
Marquette_2011,0,
Marquette_2012,0,
Marquette_2013,0,
Marquette_2014,0,
Marquette_2015,0,
Marquette_2016,0,
Marquette_2017,0,
Marquette_2018,0,
Marquette_2019,0,
Saginaw_1990,0,
Saginaw_1991,0,
Saginaw_1992,0,
Saginaw_1993,0,
Saginaw_1994,0,
Saginaw_1995,0,
Saginaw_1996,0,
Saginaw_1997,0,
Saginaw_1998,0,
Saginaw_1999,0,
Saginaw_2000,0,
Saginaw_2001,0,
Saginaw_2002,0,
Saginaw_2003,0,
Saginaw_2004,3,
Saginaw_2005,0,
Saginaw_2006,0,
Saginaw_2007,0,
Saginaw_2008,0,
Saginaw_2009,0,
Saginaw_2010,0,
Saginaw_2011,0,
Saginaw_2012,0,
Saginaw_2013,0,
Saginaw_2014,0,
Saginaw_2015,0,
Saginaw_2016,0,
Saginaw_2017,0,
Saginaw_2018,5,
Saginaw_2019,2,
Crookston_1990,0,
Crookston_1991,0,
Crookston_1992,2,
Crookston_1993,0,
Crookston_1994,0,
Crookston_1995,0,
Crookston_1996,0,
Crookston_1997,0,
Crookston_1998,0,
Crookston_1999,0,
Crookston_2000,0,
Crookston_2001,0,
Crookston_2002,0,
Crookston_2003,0,
Crookston_2004,0,
Crookston_2005,0,
Crookston_2006,1,
Crookston_2007,0,
Crookston_2008,0,
Crookston_2009,0,
Crookston_2010,5,
Crookston_2011,2,
Crookston_2012,0,
Crookston_2013,2,
Crookston_2014,0,
Crookston_2015,0,
Crookston_2016,1,
Crookston_2017,0,
Crookston_2018,0,
Crookston_2019,9,
Duluth_1990,0,
Duluth_1991,0,
Duluth_1992,0,
Duluth_1993,0,
Duluth_1994,0,
Duluth_1995,0,
Duluth_1996,0,
Duluth_1997,0,
Duluth_1998,0,
Duluth_1999,0,
Duluth_2000,0,
Duluth_2001,0,
Duluth_2002,0,
Duluth_2003,0,
Duluth_2004,0,
Duluth_2005,0,
Duluth_2006,0,
Duluth_2007,0,
Duluth_2008,1,
Duluth_2009,0,
Duluth_2010,0,
Duluth_2011,0,
Duluth_2012,0,
Duluth_2013,5,
Duluth_2014,1,
Duluth_2015,11,
Duluth_2016,3,
Duluth_2017,23,
Duluth_2018,0,
Duluth_2019,0,
New Ulm_1990,0,
New Ulm_1991,0,
New Ulm_1992,0,
New Ulm_1993,0,
New Ulm_1994,0,
New Ulm_1995,0,
New Ulm_1996,0,
New Ulm_1997,0,
New Ulm_1998,0,
New Ulm_1999,0,
New Ulm_2000,0,
New Ulm_2001,0,
New Ulm_2002,0,
New Ulm_2003,0,
New Ulm_2004,0,
New Ulm_2005,0,
New Ulm_2006,0,
New Ulm_2007,2,
New Ulm_2008,0,
New Ulm_2009,0,
New Ulm_2010,1,
New Ulm_2011,0,
New Ulm_2012,0,
New Ulm_2013,1,
New Ulm_2014,5,
New Ulm_2015,2,
New Ulm_2016,4,
New Ulm_2017,4,
New Ulm_2018,0,
New Ulm_2019,4,
St. Cloud_1990,0,
St. Cloud_1991,0,
St. Cloud_1992,0,
St. Cloud_1993,0,
St. Cloud_1994,0,
St. Cloud_1995,2,
St. Cloud_1996,0,
St. Cloud_1997,0,
St. Cloud_1998,0,
St. Cloud_1999,0,
St. Cloud_2000,0,
St. Cloud_2001,0,
St. Cloud_2002,21,
St. Cloud_2003,0,
St. Cloud_2004,0,
St. Cloud_2005,0,
St. Cloud_2006,0,
St. Cloud_2007,0,
St. Cloud_2008,0,
St. Cloud_2009,0,
St. Cloud_2010,0,
St. Cloud_2011,0,
St. Cloud_2012,0,
St. Cloud_2013,1,
St. Cloud_2014,2,
St. Cloud_2015,4,
St. Cloud_2016,21,
St. Cloud_2017,0,
St. Cloud_2018,21,
St. Cloud_2019,0,
Winona-Rochester_1990,0,
Winona-Rochester_1991,0,
Winona-Rochester_1992,0,
Winona-Rochester_1993,0,
Winona-Rochester_1994,0,
Winona-Rochester_1995,0,
Winona-Rochester_1996,0,
Winona-Rochester_1997,0,
Winona-Rochester_1998,0,
Winona-Rochester_1999,0,
Winona-Rochester_2000,0,
Winona-Rochester_2001,0,
Winona-Rochester_2002,0,
Winona-Rochester_2003,0,
Winona-Rochester_2004,0,
Winona-Rochester_2005,0,
Winona-Rochester_2006,0,
Winona-Rochester_2007,0,
Winona-Rochester_2008,0,
Winona-Rochester_2009,0,
Winona-Rochester_2010,0,
Winona-Rochester_2011,0,
Winona-Rochester_2012,0,
Winona-Rochester_2013,0,
Winona-Rochester_2014,0,
Winona-Rochester_2015,0,
Winona-Rochester_2016,0,
Winona-Rochester_2017,0,
Winona-Rochester_2018,1,
Winona-Rochester_2019,0,
Biloxi_1990,0,
Biloxi_1991,0,
Biloxi_1992,0,
Biloxi_1993,0,
Biloxi_1994,0,
Biloxi_1995,0,
Biloxi_1996,0,
Biloxi_1997,0,
Biloxi_1998,0,
Biloxi_1999,0,
Biloxi_2000,0,
Biloxi_2001,0,
Biloxi_2002,0,
Biloxi_2003,0,
Biloxi_2004,0,
Biloxi_2005,0,
Biloxi_2006,0,
Biloxi_2007,0,
Biloxi_2008,0,
Biloxi_2009,0,
Biloxi_2010,0,
Biloxi_2011,0,
Biloxi_2012,0,
Biloxi_2013,0,
Biloxi_2014,0,
Biloxi_2015,0,
Biloxi_2016,0,
Biloxi_2017,0,
Biloxi_2018,2,
Biloxi_2019,2,
Jackson_1990,0,
Jackson_1991,0,
Jackson_1992,0,
Jackson_1993,0,
Jackson_1994,0,
Jackson_1995,0,
Jackson_1996,0,
Jackson_1997,0,
Jackson_1998,0,
Jackson_1999,0,
Jackson_2000,0,
Jackson_2001,0,
Jackson_2002,5,
Jackson_2003,11,
Jackson_2004,0,
Jackson_2005,0,
Jackson_2006,1,
Jackson_2007,0,
Jackson_2008,0,
Jackson_2009,0,
Jackson_2010,0,
Jackson_2011,0,
Jackson_2012,0,
Jackson_2013,0,
Jackson_2014,0,
Jackson_2015,0,
Jackson_2016,0,
Jackson_2017,0,
Jackson_2018,1,
Jackson_2019,28,
Jefferson City_1990,0,
Jefferson City_1991,0,
Jefferson City_1992,0,
Jefferson City_1993,0,
Jefferson City_1994,0,
Jefferson City_1995,0,
Jefferson City_1996,0,
Jefferson City_1997,0,
Jefferson City_1998,0,
Jefferson City_1999,0,
Jefferson City_2000,0,
Jefferson City_2001,0,
Jefferson City_2002,27,
Jefferson City_2003,0,
Jefferson City_2004,0,
Jefferson City_2005,0,
Jefferson City_2006,4,
Jefferson City_2007,0,
Jefferson City_2008,0,
Jefferson City_2009,1,
Jefferson City_2010,1,
Jefferson City_2011,0,
Jefferson City_2012,0,
Jefferson City_2013,0,
Jefferson City_2014,0,
Jefferson City_2015,0,
Jefferson City_2016,0,
Jefferson City_2017,0,
Jefferson City_2018,4,
Jefferson City_2019,0,
Kansas City-St. Joseph_1990,0,
Kansas City-St. Joseph_1991,0,
Kansas City-St. Joseph_1992,0,
Kansas City-St. Joseph_1993,0,
Kansas City-St. Joseph_1994,0,
Kansas City-St. Joseph_1995,0,
Kansas City-St. Joseph_1996,0,
Kansas City-St. Joseph_1997,0,
Kansas City-St. Joseph_1998,0,
Kansas City-St. Joseph_1999,0,
Kansas City-St. Joseph_2000,0,
Kansas City-St. Joseph_2001,0,
Kansas City-St. Joseph_2002,8,
Kansas City-St. Joseph_2003,2,
Kansas City-St. Joseph_2004,0,
Kansas City-St. Joseph_2005,0,
Kansas City-St. Joseph_2006,64,
Kansas City-St. Joseph_2007,0,
Kansas City-St. Joseph_2008,0,
Kansas City-St. Joseph_2009,0,
Kansas City-St. Joseph_2010,0,
Kansas City-St. Joseph_2011,0,
Kansas City-St. Joseph_2012,0,
Kansas City-St. Joseph_2013,0,
Kansas City-St. Joseph_2014,0,
Kansas City-St. Joseph_2015,0,
Kansas City-St. Joseph_2016,0,
Kansas City-St. Joseph_2017,0,
Kansas City-St. Joseph_2018,2,
Kansas City-St. Joseph_2019,24,
Springfield-Cape Girardeau_1990,0,
Springfield-Cape Girardeau_1991,0,
Springfield-Cape Girardeau_1992,0,
Springfield-Cape Girardeau_1993,0,
Springfield-Cape Girardeau_1994,0,
Springfield-Cape Girardeau_1995,0,
Springfield-Cape Girardeau_1996,0,
Springfield-Cape Girardeau_1997,0,
Springfield-Cape Girardeau_1998,0,
Springfield-Cape Girardeau_1999,0,
Springfield-Cape Girardeau_2000,0,
Springfield-Cape Girardeau_2001,0,
Springfield-Cape Girardeau_2002,17,
Springfield-Cape Girardeau_2003,0,
Springfield-Cape Girardeau_2004,0,
Springfield-Cape Girardeau_2005,0,
Springfield-Cape Girardeau_2006,0,
Springfield-Cape Girardeau_2007,0,
Springfield-Cape Girardeau_2008,0,
Springfield-Cape Girardeau_2009,0,
Springfield-Cape Girardeau_2010,0,
Springfield-Cape Girardeau_2011,0,
Springfield-Cape Girardeau_2012,0,
Springfield-Cape Girardeau_2013,0,
Springfield-Cape Girardeau_2014,0,
Springfield-Cape Girardeau_2015,17,
Springfield-Cape Girardeau_2016,0,
Springfield-Cape Girardeau_2017,1,
Springfield-Cape Girardeau_2018,0,
Springfield-Cape Girardeau_2019,0,
Great Falls-Billings_1990,0,
Great Falls-Billings_1991,0,
Great Falls-Billings_1992,0,
Great Falls-Billings_1993,0,
Great Falls-Billings_1994,0,
Great Falls-Billings_1995,0,
Great Falls-Billings_1996,0,
Great Falls-Billings_1997,0,
Great Falls-Billings_1998,0,
Great Falls-Billings_1999,0,
Great Falls-Billings_2000,0,
Great Falls-Billings_2001,0,
Great Falls-Billings_2002,9,
Great Falls-Billings_2003,0,
Great Falls-Billings_2004,0,
Great Falls-Billings_2005,0,
Great Falls-Billings_2006,0,
Great Falls-Billings_2007,1,
Great Falls-Billings_2008,0,
Great Falls-Billings_2009,0,
Great Falls-Billings_2010,0,
Great Falls-Billings_2011,0,
Great Falls-Billings_2012,2,
Great Falls-Billings_2013,1,
Great Falls-Billings_2014,1,
Great Falls-Billings_2015,0,
Great Falls-Billings_2016,0,
Great Falls-Billings_2017,0,
Great Falls-Billings_2018,1,
Great Falls-Billings_2019,0,
Helena_1990,0,
Helena_1991,0,
Helena_1992,0,
Helena_1993,0,
Helena_1994,0,
Helena_1995,0,
Helena_1996,0,
Helena_1997,0,
Helena_1998,0,
Helena_1999,0,
Helena_2000,0,
Helena_2001,0,
Helena_2002,0,
Helena_2003,0,
Helena_2004,0,
Helena_2005,0,
Helena_2006,0,
Helena_2007,0,
Helena_2008,0,
Helena_2009,0,
Helena_2010,0,
Helena_2011,10,
Helena_2012,8,
Helena_2013,3,
Helena_2014,8,
Helena_2015,3,
Helena_2016,0,
Helena_2017,0,
Helena_2018,0,
Helena_2019,10,
Grand Island_1990,0,
Grand Island_1991,0,
Grand Island_1992,0,
Grand Island_1993,0,
Grand Island_1994,0,
Grand Island_1995,0,
Grand Island_1996,0,
Grand Island_1997,0,
Grand Island_1998,0,
Grand Island_1999,0,
Grand Island_2000,0,
Grand Island_2001,0,
Grand Island_2002,0,
Grand Island_2003,0,
Grand Island_2004,0,
Grand Island_2005,0,
Grand Island_2006,0,
Grand Island_2007,0,
Grand Island_2008,0,
Grand Island_2009,0,
Grand Island_2010,0,
Grand Island_2011,0,
Grand Island_2012,0,
Grand Island_2013,0,
Grand Island_2014,0,
Grand Island_2015,0,
Grand Island_2016,0,
Grand Island_2017,0,
Grand Island_2018,0,
Grand Island_2019,0,
Lincoln_1990,0,
Lincoln_1991,0,
Lincoln_1992,0,
Lincoln_1993,0,
Lincoln_1994,0,
Lincoln_1995,0,
Lincoln_1996,0,
Lincoln_1997,0,
Lincoln_1998,0,
Lincoln_1999,0,
Lincoln_2000,0,
Lincoln_2001,0,
Lincoln_2002,3,
Lincoln_2003,2,
Lincoln_2004,4,
Lincoln_2005,1,
Lincoln_2006,7,
Lincoln_2007,8,
Lincoln_2008,1,
Lincoln_2009,4,
Lincoln_2010,2,
Lincoln_2011,2,
Lincoln_2012,0,
Lincoln_2013,2,
Lincoln_2014,0,
Lincoln_2015,1,
Lincoln_2016,0,
Lincoln_2017,0,
Lincoln_2018,8,
Lincoln_2019,1,
Las Vegas_1990,0,
Las Vegas_1991,0,
Las Vegas_1992,0,
Las Vegas_1993,0,
Las Vegas_1994,0,
Las Vegas_1995,0,
Las Vegas_1996,0,
Las Vegas_1997,0,
Las Vegas_1998,0,
Las Vegas_1999,0,
Las Vegas_2000,0,
Las Vegas_2001,0,
Las Vegas_2002,0,
Las Vegas_2003,0,
Las Vegas_2004,0,
Las Vegas_2005,0,
Las Vegas_2006,0,
Las Vegas_2007,0,
Las Vegas_2008,1,
Las Vegas_2009,0,
Las Vegas_2010,0,
Las Vegas_2011,0,
Las Vegas_2012,0,
Las Vegas_2013,0,
Las Vegas_2014,0,
Las Vegas_2015,1,
Las Vegas_2016,0,
Las Vegas_2017,0,
Las Vegas_2018,0,
Las Vegas_2019,1,
Reno_1990,0,
Reno_1991,0,
Reno_1992,0,
Reno_1993,0,
Reno_1994,0,
Reno_1995,0,
Reno_1996,0,
Reno_1997,0,
Reno_1998,0,
Reno_1999,0,
Reno_2000,0,
Reno_2001,0,
Reno_2002,0,
Reno_2003,0,
Reno_2004,0,
Reno_2005,0,
Reno_2006,0,
Reno_2007,1,
Reno_2008,0,
Reno_2009,0,
Reno_2010,0,
Reno_2011,0,
Reno_2012,0,
Reno_2013,0,
Reno_2014,0,
Reno_2015,0,
Reno_2016,0,
Reno_2017,0,
Reno_2018,0,
Reno_2019,2,
Manchester_1990,0,
Manchester_1991,0,
Manchester_1992,0,
Manchester_1993,0,
Manchester_1994,0,
Manchester_1995,0,
Manchester_1996,0,
Manchester_1997,0,
Manchester_1998,0,
Manchester_1999,0,
Manchester_2000,0,
Manchester_2001,0,
Manchester_2002,20,
Manchester_2003,19,
Manchester_2004,0,
Manchester_2005,0,
Manchester_2006,2,
Manchester_2007,0,
Manchester_2008,0,
Manchester_2009,1,
Manchester_2010,0,
Manchester_2011,0,
Manchester_2012,0,
Manchester_2013,3,
Manchester_2014,5,
Manchester_2015,0,
Manchester_2016,0,
Manchester_2017,0,
Manchester_2018,0,
Manchester_2019,3,
Camden_1990,0,
Camden_1991,0,
Camden_1992,0,
Camden_1993,3,
Camden_1994,1,
Camden_1995,0,
Camden_1996,0,
Camden_1997,0,
Camden_1998,0,
Camden_1999,0,
Camden_2000,0,
Camden_2001,0,
Camden_2002,2,
Camden_2003,0,
Camden_2004,0,
Camden_2005,0,
Camden_2006,0,
Camden_2007,0,
Camden_2008,1,
Camden_2009,0,
Camden_2010,0,
Camden_2011,0,
Camden_2012,2,
Camden_2013,5,
Camden_2014,0,
Camden_2015,0,
Camden_2016,0,
Camden_2017,0,
Camden_2018,0,
Camden_2019,0,
Metuchen_1990,0,
Metuchen_1991,0,
Metuchen_1992,0,
Metuchen_1993,0,
Metuchen_1994,0,
Metuchen_1995,0,
Metuchen_1996,0,
Metuchen_1997,0,
Metuchen_1998,0,
Metuchen_1999,0,
Metuchen_2000,0,
Metuchen_2001,0,
Metuchen_2002,4,
Metuchen_2003,0,
Metuchen_2004,0,
Metuchen_2005,0,
Metuchen_2006,0,
Metuchen_2007,0,
Metuchen_2008,0,
Metuchen_2009,0,
Metuchen_2010,0,
Metuchen_2011,0,
Metuchen_2012,0,
Metuchen_2013,0,
Metuchen_2014,0,
Metuchen_2015,0,
Metuchen_2016,0,
Metuchen_2017,0,
Metuchen_2018,0,
Metuchen_2019,4,
Paterson_1990,0,
Paterson_1991,0,
Paterson_1992,0,
Paterson_1993,0,
Paterson_1994,0,
Paterson_1995,0,
Paterson_1996,0,
Paterson_1997,0,
Paterson_1998,0,
Paterson_1999,0,
Paterson_2000,0,
Paterson_2001,0,
Paterson_2002,2,
Paterson_2003,0,
Paterson_2004,0,
Paterson_2005,0,
Paterson_2006,0,
Paterson_2007,0,
Paterson_2008,0,
Paterson_2009,0,
Paterson_2010,0,
Paterson_2011,0,
Paterson_2012,0,
Paterson_2013,0,
Paterson_2014,0,
Paterson_2015,2,
Paterson_2016,0,
Paterson_2017,0,
Paterson_2018,1,
Paterson_2019,5,
Gallup_1990,0,
Gallup_1991,0,
Gallup_1992,0,
Gallup_1993,0,
Gallup_1994,0,
Gallup_1995,0,
Gallup_1996,0,
Gallup_1997,0,
Gallup_1998,0,
Gallup_1999,0,
Gallup_2000,0,
Gallup_2001,0,
Gallup_2002,0,
Gallup_2003,0,
Gallup_2004,0,
Gallup_2005,0,
Gallup_2006,0,
Gallup_2007,0,
Gallup_2008,0,
Gallup_2009,2,
Gallup_2010,2,
Gallup_2011,0,
Gallup_2012,1,
Gallup_2013,4,
Gallup_2014,3,
Gallup_2015,3,
Gallup_2016,7,
Gallup_2017,0,
Gallup_2018,0,
Gallup_2019,3,
Las Cruces_1990,0,
Las Cruces_1991,0,
Las Cruces_1992,0,
Las Cruces_1993,0,
Las Cruces_1994,0,
Las Cruces_1995,0,
Las Cruces_1996,0,
Las Cruces_1997,0,
Las Cruces_1998,0,
Las Cruces_1999,0,
Las Cruces_2000,0,
Las Cruces_2001,0,
Las Cruces_2002,0,
Las Cruces_2003,0,
Las Cruces_2004,0,
Las Cruces_2005,0,
Las Cruces_2006,0,
Las Cruces_2007,0,
Las Cruces_2008,1,
Las Cruces_2009,0,
Las Cruces_2010,0,
Las Cruces_2011,0,
Las Cruces_2012,0,
Las Cruces_2013,0,
Las Cruces_2014,0,
Las Cruces_2015,0,
Las Cruces_2016,0,
Las Cruces_2017,0,
Las Cruces_2018,3,
Las Cruces_2019,1,
Albany_1990,0,
Albany_1991,0,
Albany_1992,0,
Albany_1993,0,
Albany_1994,0,
Albany_1995,0,
Albany_1996,0,
Albany_1997,0,
Albany_1998,0,
Albany_1999,0,
Albany_2000,0,
Albany_2001,0,
Albany_2002,4,
Albany_2003,0,
Albany_2004,10,
Albany_2005,0,
Albany_2006,0,
Albany_2007,1,
Albany_2008,0,
Albany_2009,0,
Albany_2010,0,
Albany_2011,4,
Albany_2012,1,
Albany_2013,0,
Albany_2014,1,
Albany_2015,0,
Albany_2016,0,
Albany_2017,0,
Albany_2018,0,
Albany_2019,7,
Brooklyn_1990,0,
Brooklyn_1991,0,
Brooklyn_1992,0,
Brooklyn_1993,0,
Brooklyn_1994,0,
Brooklyn_1995,0,
Brooklyn_1996,0,
Brooklyn_1997,0,
Brooklyn_1998,0,
Brooklyn_1999,0,
Brooklyn_2000,0,
Brooklyn_2001,0,
Brooklyn_2002,31,
Brooklyn_2003,13,
Brooklyn_2004,3,
Brooklyn_2005,0,
Brooklyn_2006,2,
Brooklyn_2007,2,
Brooklyn_2008,0,
Brooklyn_2009,0,
Brooklyn_2010,6,
Brooklyn_2011,0,
Brooklyn_2012,16,
Brooklyn_2013,0,
Brooklyn_2014,0,
Brooklyn_2015,4,
Brooklyn_2016,0,
Brooklyn_2017,6,
Brooklyn_2018,7,
Brooklyn_2019,18,
Buffalo_1990,0,
Buffalo_1991,0,
Buffalo_1992,0,
Buffalo_1993,0,
Buffalo_1994,0,
Buffalo_1995,0,
Buffalo_1996,0,
Buffalo_1997,0,
Buffalo_1998,0,
Buffalo_1999,0,
Buffalo_2000,0,
Buffalo_2001,0,
Buffalo_2002,0,
Buffalo_2003,2,
Buffalo_2004,2,
Buffalo_2005,0,
Buffalo_2006,0,
Buffalo_2007,1,
Buffalo_2008,0,
Buffalo_2009,0,
Buffalo_2010,0,
Buffalo_2011,0,
Buffalo_2012,0,
Buffalo_2013,0,
Buffalo_2014,0,
Buffalo_2015,0,
Buffalo_2016,0,
Buffalo_2017,0,
Buffalo_2018,12,
Buffalo_2019,50,
Ogdensburg_1990,0,
Ogdensburg_1991,0,
Ogdensburg_1992,0,
Ogdensburg_1993,0,
Ogdensburg_1994,0,
Ogdensburg_1995,0,
Ogdensburg_1996,0,
Ogdensburg_1997,0,
Ogdensburg_1998,0,
Ogdensburg_1999,0,
Ogdensburg_2000,0,
Ogdensburg_2001,0,
Ogdensburg_2002,0,
Ogdensburg_2003,0,
Ogdensburg_2004,0,
Ogdensburg_2005,0,
Ogdensburg_2006,0,
Ogdensburg_2007,0,
Ogdensburg_2008,0,
Ogdensburg_2009,0,
Ogdensburg_2010,0,
Ogdensburg_2011,0,
Ogdensburg_2012,0,
Ogdensburg_2013,0,
Ogdensburg_2014,0,
Ogdensburg_2015,0,
Ogdensburg_2016,0,
Ogdensburg_2017,0,
Ogdensburg_2018,0,
Ogdensburg_2019,0,
Rochester_1990,0,
Rochester_1991,0,
Rochester_1992,0,
Rochester_1993,0,
Rochester_1994,0,
Rochester_1995,0,
Rochester_1996,0,
Rochester_1997,0,
Rochester_1998,0,
Rochester_1999,0,
Rochester_2000,0,
Rochester_2001,0,
Rochester_2002,2,
Rochester_2003,0,
Rochester_2004,0,
Rochester_2005,20,
Rochester_2006,0,
Rochester_2007,0,
Rochester_2008,0,
Rochester_2009,0,
Rochester_2010,0,
Rochester_2011,0,
Rochester_2012,0,
Rochester_2013,1,
Rochester_2014,0,
Rochester_2015,0,
Rochester_2016,0,
Rochester_2017,0,
Rochester_2018,1,
Rochester_2019,16,
Rockville Centre_1990,0,
Rockville Centre_1991,0,
Rockville Centre_1992,0,
Rockville Centre_1993,0,
Rockville Centre_1994,0,
Rockville Centre_1995,0,
Rockville Centre_1996,0,
Rockville Centre_1997,0,
Rockville Centre_1998,0,
Rockville Centre_1999,0,
Rockville Centre_2000,0,
Rockville Centre_2001,0,
Rockville Centre_2002,19,
Rockville Centre_2003,10,
Rockville Centre_2004,0,
Rockville Centre_2005,0,
Rockville Centre_2006,0,
Rockville Centre_2007,12,
Rockville Centre_2008,1,
Rockville Centre_2009,1,
Rockville Centre_2010,0,
Rockville Centre_2011,0,
Rockville Centre_2012,1,
Rockville Centre_2013,0,
Rockville Centre_2014,0,
Rockville Centre_2015,0,
Rockville Centre_2016,0,
Rockville Centre_2017,1,
Rockville Centre_2018,0,
Rockville Centre_2019,3,
Syracuse_1990,0,
Syracuse_1991,0,
Syracuse_1992,0,
Syracuse_1993,0,
Syracuse_1994,0,
Syracuse_1995,0,
Syracuse_1996,0,
Syracuse_1997,0,
Syracuse_1998,0,
Syracuse_1999,0,
Syracuse_2000,0,
Syracuse_2001,0,
Syracuse_2002,0,
Syracuse_2003,0,
Syracuse_2004,0,
Syracuse_2005,0,
Syracuse_2006,4,
Syracuse_2007,0,
Syracuse_2008,2,
Syracuse_2009,0,
Syracuse_2010,0,
Syracuse_2011,12,
Syracuse_2012,0,
Syracuse_2013,0,
Syracuse_2014,0,
Syracuse_2015,0,
Syracuse_2016,0,
Syracuse_2017,0,
Syracuse_2018,12,
Syracuse_2019,0,
Charlotte_1990,0,
Charlotte_1991,0,
Charlotte_1992,0,
Charlotte_1993,0,
Charlotte_1994,0,
Charlotte_1995,0,
Charlotte_1996,0,
Charlotte_1997,0,
Charlotte_1998,0,
Charlotte_1999,0,
Charlotte_2000,0,
Charlotte_2001,0,
Charlotte_2002,3,
Charlotte_2003,0,
Charlotte_2004,0,
Charlotte_2005,19,
Charlotte_2006,0,
Charlotte_2007,0,
Charlotte_2008,0,
Charlotte_2009,0,
Charlotte_2010,0,
Charlotte_2011,0,
Charlotte_2012,0,
Charlotte_2013,0,
Charlotte_2014,0,
Charlotte_2015,0,
Charlotte_2016,0,
Charlotte_2017,0,
Charlotte_2018,0,
Charlotte_2019,12,
Raleigh_1990,0,
Raleigh_1991,0,
Raleigh_1992,0,
Raleigh_1993,0,
Raleigh_1994,0,
Raleigh_1995,0,
Raleigh_1996,0,
Raleigh_1997,0,
Raleigh_1998,0,
Raleigh_1999,0,
Raleigh_2000,0,
Raleigh_2001,0,
Raleigh_2002,6,
Raleigh_2003,0,
Raleigh_2004,0,
Raleigh_2005,0,
Raleigh_2006,0,
Raleigh_2007,1,
Raleigh_2008,0,
Raleigh_2009,0,
Raleigh_2010,0,
Raleigh_2011,0,
Raleigh_2012,0,
Raleigh_2013,0,
Raleigh_2014,1,
Raleigh_2015,1,
Raleigh_2016,0,
Raleigh_2017,0,
Raleigh_2018,0,
Raleigh_2019,2,
Bismarck_1990,0,
Bismarck_1991,0,
Bismarck_1992,0,
Bismarck_1993,0,
Bismarck_1994,0,
Bismarck_1995,0,
Bismarck_1996,0,
Bismarck_1997,0,
Bismarck_1998,0,
Bismarck_1999,0,
Bismarck_2000,0,
Bismarck_2001,0,
Bismarck_2002,3,
Bismarck_2003,0,
Bismarck_2004,0,
Bismarck_2005,0,
Bismarck_2006,0,
Bismarck_2007,0,
Bismarck_2008,1,
Bismarck_2009,0,
Bismarck_2010,0,
Bismarck_2011,0,
Bismarck_2012,0,
Bismarck_2013,0,
Bismarck_2014,0,
Bismarck_2015,0,
Bismarck_2016,0,
Bismarck_2017,0,
Bismarck_2018,0,
Bismarck_2019,3,
Cleveland_1990,0,
Cleveland_1991,0,
Cleveland_1992,0,
Cleveland_1993,0,
Cleveland_1994,0,
Cleveland_1995,0,
Cleveland_1996,0,
Cleveland_1997,0,
Cleveland_1998,0,
Cleveland_1999,0,
Cleveland_2000,0,
Cleveland_2001,0,
Cleveland_2002,55,
Cleveland_2003,7,
Cleveland_2004,125,
Cleveland_2005,0,
Cleveland_2006,15,
Cleveland_2007,1,
Cleveland_2008,4,
Cleveland_2009,3,
Cleveland_2010,5,
Cleveland_2011,0,
Cleveland_2012,0,
Cleveland_2013,0,
Cleveland_2014,1,
Cleveland_2015,0,
Cleveland_2016,0,
Cleveland_2017,0,
Cleveland_2018,8,
Cleveland_2019,1,
Columbus_1990,0,
Columbus_1991,0,
Columbus_1992,0,
Columbus_1993,0,
Columbus_1994,0,
Columbus_1995,0,
Columbus_1996,1,
Columbus_1997,0,
Columbus_1998,0,
Columbus_1999,0,
Columbus_2000,0,
Columbus_2001,0,
Columbus_2002,3,
Columbus_2003,0,
Columbus_2004,1,
Columbus_2005,1,
Columbus_2006,2,
Columbus_2007,0,
Columbus_2008,0,
Columbus_2009,0,
Columbus_2010,1,
Columbus_2011,0,
Columbus_2012,0,
Columbus_2013,1,
Columbus_2014,0,
Columbus_2015,0,
Columbus_2016,0,
Columbus_2017,0,
Columbus_2018,0,
Columbus_2019,1,
Steubenville_1990,0,
Steubenville_1991,0,
Steubenville_1992,0,
Steubenville_1993,0,
Steubenville_1994,0,
Steubenville_1995,0,
Steubenville_1996,0,
Steubenville_1997,0,
Steubenville_1998,0,
Steubenville_1999,0,
Steubenville_2000,0,
Steubenville_2001,0,
Steubenville_2002,0,
Steubenville_2003,0,
Steubenville_2004,0,
Steubenville_2005,0,
Steubenville_2006,3,
Steubenville_2007,0,
Steubenville_2008,0,
Steubenville_2009,0,
Steubenville_2010,0,
Steubenville_2011,1,
Steubenville_2012,0,
Steubenville_2013,0,
Steubenville_2014,0,
Steubenville_2015,0,
Steubenville_2016,0,
Steubenville_2017,0,
Steubenville_2018,10,
Steubenville_2019,0,
Toledo_1990,0,
Toledo_1991,0,
Toledo_1992,0,
Toledo_1993,0,
Toledo_1994,0,
Toledo_1995,0,
Toledo_1996,0,
Toledo_1997,0,
Toledo_1998,0,
Toledo_1999,0,
Toledo_2000,0,
Toledo_2001,0,
Toledo_2002,4,
Toledo_2003,4,
Toledo_2004,17,
Toledo_2005,1,
Toledo_2006,3,
Toledo_2007,0,
Toledo_2008,0,
Toledo_2009,0,
Toledo_2010,0,
Toledo_2011,1,
Toledo_2012,0,
Toledo_2013,2,
Toledo_2014,0,
Toledo_2015,0,
Toledo_2016,0,
Toledo_2017,0,
Toledo_2018,0,
Toledo_2019,27,
Youngstown_1990,0,
Youngstown_1991,0,
Youngstown_1992,0,
Youngstown_1993,0,
Youngstown_1994,1,
Youngstown_1995,0,
Youngstown_1996,0,
Youngstown_1997,0,
Youngstown_1998,0,
Youngstown_1999,0,
Youngstown_2000,0,
Youngstown_2001,0,
Youngstown_2002,2,
Youngstown_2003,2,
Youngstown_2004,0,
Youngstown_2005,0,
Youngstown_2006,0,
Youngstown_2007,0,
Youngstown_2008,0,
Youngstown_2009,0,
Youngstown_2010,0,
Youngstown_2011,0,
Youngstown_2012,0,
Youngstown_2013,14,
Youngstown_2014,1,
Youngstown_2015,0,
Youngstown_2016,0,
Youngstown_2017,0,
Youngstown_2018,9,
Youngstown_2019,1,
Tulsa_1990,0,
Tulsa_1991,0,
Tulsa_1992,0,
Tulsa_1993,0,
Tulsa_1994,0,
Tulsa_1995,0,
Tulsa_1996,0,
Tulsa_1997,0,
Tulsa_1998,0,
Tulsa_1999,0,
Tulsa_2000,0,
Tulsa_2001,0,
Tulsa_2002,0,
Tulsa_2003,0,
Tulsa_2004,0,
Tulsa_2005,0,
Tulsa_2006,1,
Tulsa_2007,1,
Tulsa_2008,0,
Tulsa_2009,1,
Tulsa_2010,0,
Tulsa_2011,0,
Tulsa_2012,0,
Tulsa_2013,0,
Tulsa_2014,0,
Tulsa_2015,0,
Tulsa_2016,0,
Tulsa_2017,0,
Tulsa_2018,0,
Tulsa_2019,0,
Baker_1990,0,
Baker_1991,0,
Baker_1992,0,
Baker_1993,0,
Baker_1994,0,
Baker_1995,0,
Baker_1996,0,
Baker_1997,0,
Baker_1998,0,
Baker_1999,0,
Baker_2000,0,
Baker_2001,0,
Baker_2002,0,
Baker_2003,2,
Baker_2004,0,
Baker_2005,0,
Baker_2006,1,
Baker_2007,0,
Baker_2008,1,
Baker_2009,0,
Baker_2010,0,
Baker_2011,0,
Baker_2012,0,
Baker_2013,0,
Baker_2014,0,
Baker_2015,0,
Baker_2016,0,
Baker_2017,0,
Baker_2018,0,
Baker_2019,0,
Allentown_1990,0,
Allentown_1991,0,
Allentown_1992,0,
Allentown_1993,0,
Allentown_1994,0,
Allentown_1995,0,
Allentown_1996,0,
Allentown_1997,0,
Allentown_1998,0,
Allentown_1999,0,
Allentown_2000,0,
Allentown_2001,0,
Allentown_2002,0,
Allentown_2003,0,
Allentown_2004,0,
Allentown_2005,0,
Allentown_2006,1,
Allentown_2007,0,
Allentown_2008,1,
Allentown_2009,0,
Allentown_2010,6,
Allentown_2011,0,
Allentown_2012,0,
Allentown_2013,1,
Allentown_2014,0,
Allentown_2015,0,
Allentown_2016,5,
Allentown_2017,0,
Allentown_2018,34,
Allentown_2019,0,
Altoona-Johnstown_1990,1,
Altoona-Johnstown_1991,0,
Altoona-Johnstown_1992,0,
Altoona-Johnstown_1993,0,
Altoona-Johnstown_1994,0,
Altoona-Johnstown_1995,0,
Altoona-Johnstown_1996,0,
Altoona-Johnstown_1997,0,
Altoona-Johnstown_1998,0,
Altoona-Johnstown_1999,0,
Altoona-Johnstown_2000,0,
Altoona-Johnstown_2001,0,
Altoona-Johnstown_2002,0,
Altoona-Johnstown_2003,5,
Altoona-Johnstown_2004,3,
Altoona-Johnstown_2005,2,
Altoona-Johnstown_2006,1,
Altoona-Johnstown_2007,0,
Altoona-Johnstown_2008,0,
Altoona-Johnstown_2009,0,
Altoona-Johnstown_2010,0,
Altoona-Johnstown_2011,0,
Altoona-Johnstown_2012,1,
Altoona-Johnstown_2013,14,
Altoona-Johnstown_2014,2,
Altoona-Johnstown_2015,4,
Altoona-Johnstown_2016,64,
Altoona-Johnstown_2017,5,
Altoona-Johnstown_2018,45,
Altoona-Johnstown_2019,173,
Erie_1990,0,
Erie_1991,0,
Erie_1992,0,
Erie_1993,0,
Erie_1994,0,
Erie_1995,0,
Erie_1996,0,
Erie_1997,0,
Erie_1998,0,
Erie_1999,0,
Erie_2000,0,
Erie_2001,0,
Erie_2002,0,
Erie_2003,0,
Erie_2004,0,
Erie_2005,0,
Erie_2006,0,
Erie_2007,0,
Erie_2008,0,
Erie_2009,0,
Erie_2010,0,
Erie_2011,0,
Erie_2012,1,
Erie_2013,0,
Erie_2014,0,
Erie_2015,1,
Erie_2016,0,
Erie_2017,0,
Erie_2018,64,
Erie_2019,10,
Greensburg_1990,0,
Greensburg_1991,0,
Greensburg_1992,0,
Greensburg_1993,0,
Greensburg_1994,0,
Greensburg_1995,0,
Greensburg_1996,0,
Greensburg_1997,0,
Greensburg_1998,0,
Greensburg_1999,0,
Greensburg_2000,0,
Greensburg_2001,0,
Greensburg_2002,0,
Greensburg_2003,0,
Greensburg_2004,0,
Greensburg_2005,0,
Greensburg_2006,0,
Greensburg_2007,0,
Greensburg_2008,0,
Greensburg_2009,0,
Greensburg_2010,0,
Greensburg_2011,0,
Greensburg_2012,0,
Greensburg_2013,0,
Greensburg_2014,0,
Greensburg_2015,0,
Greensburg_2016,0,
Greensburg_2017,4,
Greensburg_2018,44,
Greensburg_2019,7,
Harrisburg_1990,0,
Harrisburg_1991,0,
Harrisburg_1992,0,
Harrisburg_1993,0,
Harrisburg_1994,0,
Harrisburg_1995,0,
Harrisburg_1996,0,
Harrisburg_1997,0,
Harrisburg_1998,0,
Harrisburg_1999,0,
Harrisburg_2000,0,
Harrisburg_2001,0,
Harrisburg_2002,0,
Harrisburg_2003,0,
Harrisburg_2004,0,
Harrisburg_2005,0,
Harrisburg_2006,0,
Harrisburg_2007,0,
Harrisburg_2008,0,
Harrisburg_2009,0,
Harrisburg_2010,0,
Harrisburg_2011,2,
Harrisburg_2012,0,
Harrisburg_2013,1,
Harrisburg_2014,0,
Harrisburg_2015,0,
Harrisburg_2016,2,
Harrisburg_2017,0,
Harrisburg_2018,45,
Harrisburg_2019,6,
Pittsburgh_1990,0,
Pittsburgh_1991,0,
Pittsburgh_1992,0,
Pittsburgh_1993,0,
Pittsburgh_1994,0,
Pittsburgh_1995,0,
Pittsburgh_1996,0,
Pittsburgh_1997,0,
Pittsburgh_1998,0,
Pittsburgh_1999,0,
Pittsburgh_2000,0,
Pittsburgh_2001,0,
Pittsburgh_2002,8,
Pittsburgh_2003,5,
Pittsburgh_2004,0,
Pittsburgh_2005,0,
Pittsburgh_2006,0,
Pittsburgh_2007,21,
Pittsburgh_2008,0,
Pittsburgh_2009,1,
Pittsburgh_2010,4,
Pittsburgh_2011,0,
Pittsburgh_2012,7,
Pittsburgh_2013,1,
Pittsburgh_2014,2,
Pittsburgh_2015,0,
Pittsburgh_2016,109,
Pittsburgh_2017,0,
Pittsburgh_2018,0,
Pittsburgh_2019,0,
Scranton_1990,0,
Scranton_1991,0,
Scranton_1992,0,
Scranton_1993,0,
Scranton_1994,0,
Scranton_1995,0,
Scranton_1996,0,
Scranton_1997,0,
Scranton_1998,0,
Scranton_1999,0,
Scranton_2000,0,
Scranton_2001,0,
Scranton_2002,0,
Scranton_2003,0,
Scranton_2004,0,
Scranton_2005,0,
Scranton_2006,0,
Scranton_2007,70,
Scranton_2008,0,
Scranton_2009,0,
Scranton_2010,0,
Scranton_2011,0,
Scranton_2012,0,
Scranton_2013,0,
Scranton_2014,11,
Scranton_2015,0,
Scranton_2016,1,
Scranton_2017,0,
Scranton_2018,45,
Scranton_2019,9,
Providence_1990,0,
Providence_1991,0,
Providence_1992,0,
Providence_1993,1,
Providence_1994,0,
Providence_1995,0,
Providence_1996,0,
Providence_1997,0,
Providence_1998,0,
Providence_1999,0,
Providence_2000,0,
Providence_2001,0,
Providence_2002,5,
Providence_2003,0,
Providence_2004,2,
Providence_2005,0,
Providence_2006,0,
Providence_2007,1,
Providence_2008,6,
Providence_2009,0,
Providence_2010,6,
Providence_2011,1,
Providence_2012,0,
Providence_2013,0,
Providence_2014,0,
Providence_2015,0,
Providence_2016,0,
Providence_2017,0,
Providence_2018,2,
Providence_2019,11,
Charleston_1990,0,
Charleston_1991,0,
Charleston_1992,0,
Charleston_1993,0,
Charleston_1994,0,
Charleston_1995,0,
Charleston_1996,0,
Charleston_1997,0,
Charleston_1998,0,
Charleston_1999,0,
Charleston_2000,0,
Charleston_2001,0,
Charleston_2002,0,
Charleston_2003,0,
Charleston_2004,0,
Charleston_2005,0,
Charleston_2006,0,
Charleston_2007,0,
Charleston_2008,0,
Charleston_2009,0,
Charleston_2010,0,
Charleston_2011,1,
Charleston_2012,8,
Charleston_2013,0,
Charleston_2014,0,
Charleston_2015,0,
Charleston_2016,1,
Charleston_2017,0,
Charleston_2018,13,
Charleston_2019,35,
Rapid City_1990,0,
Rapid City_1991,0,
Rapid City_1992,0,
Rapid City_1993,0,
Rapid City_1994,0,
Rapid City_1995,0,
Rapid City_1996,0,
Rapid City_1997,0,
Rapid City_1998,0,
Rapid City_1999,0,
Rapid City_2000,0,
Rapid City_2001,0,
Rapid City_2002,3,
Rapid City_2003,0,
Rapid City_2004,2,
Rapid City_2005,0,
Rapid City_2006,0,
Rapid City_2007,0,
Rapid City_2008,0,
Rapid City_2009,0,
Rapid City_2010,3,
Rapid City_2011,0,
Rapid City_2012,0,
Rapid City_2013,0,
Rapid City_2014,0,
Rapid City_2015,0,
Rapid City_2016,0,
Rapid City_2017,0,
Rapid City_2018,7,
Rapid City_2019,10,
Sioux Falls_1990,0,
Sioux Falls_1991,0,
Sioux Falls_1992,0,
Sioux Falls_1993,0,
Sioux Falls_1994,0,
Sioux Falls_1995,0,
Sioux Falls_1996,0,
Sioux Falls_1997,0,
Sioux Falls_1998,0,
Sioux Falls_1999,0,
Sioux Falls_2000,0,
Sioux Falls_2001,0,
Sioux Falls_2002,3,
Sioux Falls_2003,3,
Sioux Falls_2004,0,
Sioux Falls_2005,0,
Sioux Falls_2006,0,
Sioux Falls_2007,0,
Sioux Falls_2008,0,
Sioux Falls_2009,0,
Sioux Falls_2010,0,
Sioux Falls_2011,0,
Sioux Falls_2012,0,
Sioux Falls_2013,0,
Sioux Falls_2014,0,
Sioux Falls_2015,0,
Sioux Falls_2016,0,
Sioux Falls_2017,0,
Sioux Falls_2018,0,
Sioux Falls_2019,9,
Knoxville_1990,0,
Knoxville_1991,0,
Knoxville_1992,0,
Knoxville_1993,0,
Knoxville_1994,0,
Knoxville_1995,0,
Knoxville_1996,0,
Knoxville_1997,0,
Knoxville_1998,0,
Knoxville_1999,0,
Knoxville_2000,0,
Knoxville_2001,0,
Knoxville_2002,3,
Knoxville_2003,2,
Knoxville_2004,2,
Knoxville_2005,0,
Knoxville_2006,0,
Knoxville_2007,1,
Knoxville_2008,0,
Knoxville_2009,0,
Knoxville_2010,0,
Knoxville_2011,0,
Knoxville_2012,0,
Knoxville_2013,0,
Knoxville_2014,0,
Knoxville_2015,0,
Knoxville_2016,0,
Knoxville_2017,0,
Knoxville_2018,0,
Knoxville_2019,0,
Memphis_1990,0,
Memphis_1991,0,
Memphis_1992,0,
Memphis_1993,0,
Memphis_1994,0,
Memphis_1995,0,
Memphis_1996,0,
Memphis_1997,0,
Memphis_1998,0,
Memphis_1999,0,
Memphis_2000,0,
Memphis_2001,0,
Memphis_2002,0,
Memphis_2003,0,
Memphis_2004,0,
Memphis_2005,2,
Memphis_2006,1,
Memphis_2007,1,
Memphis_2008,1,
Memphis_2009,1,
Memphis_2010,1,
Memphis_2011,0,
Memphis_2012,0,
Memphis_2013,0,
Memphis_2014,0,
Memphis_2015,0,
Memphis_2016,0,
Memphis_2017,0,
Memphis_2018,0,
Memphis_2019,1,
Nashville_1990,0,
Nashville_1991,0,
Nashville_1992,0,
Nashville_1993,0,
Nashville_1994,0,
Nashville_1995,0,
Nashville_1996,0,
Nashville_1997,0,
Nashville_1998,0,
Nashville_1999,0,
Nashville_2000,0,
Nashville_2001,0,
Nashville_2002,0,
Nashville_2003,0,
Nashville_2004,0,
Nashville_2005,3,
Nashville_2006,0,
Nashville_2007,1,
Nashville_2008,0,
Nashville_2009,0,
Nashville_2010,0,
Nashville_2011,0,
Nashville_2012,0,
Nashville_2013,0,
Nashville_2014,0,
Nashville_2015,0,
Nashville_2016,0,
Nashville_2017,0,
Nashville_2018,3,
Nashville_2019,0,
Amarillo_1990,0,
Amarillo_1991,0,
Amarillo_1992,0,
Amarillo_1993,0,
Amarillo_1994,0,
Amarillo_1995,0,
Amarillo_1996,0,
Amarillo_1997,0,
Amarillo_1998,0,
Amarillo_1999,0,
Amarillo_2000,0,
Amarillo_2001,0,
Amarillo_2002,2,
Amarillo_2003,0,
Amarillo_2004,0,
Amarillo_2005,0,
Amarillo_2006,0,
Amarillo_2007,0,
Amarillo_2008,0,
Amarillo_2009,0,
Amarillo_2010,0,
Amarillo_2011,0,
Amarillo_2012,0,
Amarillo_2013,1,
Amarillo_2014,0,
Amarillo_2015,0,
Amarillo_2016,0,
Amarillo_2017,0,
Amarillo_2018,0,
Amarillo_2019,0,
Austin_1990,0,
Austin_1991,0,
Austin_1992,0,
Austin_1993,0,
Austin_1994,0,
Austin_1995,0,
Austin_1996,0,
Austin_1997,0,
Austin_1998,0,
Austin_1999,0,
Austin_2000,0,
Austin_2001,0,
Austin_2002,0,
Austin_2003,0,
Austin_2004,0,
Austin_2005,0,
Austin_2006,0,
Austin_2007,0,
Austin_2008,0,
Austin_2009,0,
Austin_2010,0,
Austin_2011,0,
Austin_2012,0,
Austin_2013,0,
Austin_2014,0,
Austin_2015,0,
Austin_2016,0,
Austin_2017,0,
Austin_2018,1,
Austin_2019,0,
Beaumont_1990,0,
Beaumont_1991,0,
Beaumont_1992,0,
Beaumont_1993,0,
Beaumont_1994,0,
Beaumont_1995,0,
Beaumont_1996,0,
Beaumont_1997,0,
Beaumont_1998,0,
Beaumont_1999,0,
Beaumont_2000,0,
Beaumont_2001,0,
Beaumont_2002,0,
Beaumont_2003,0,
Beaumont_2004,0,
Beaumont_2005,0,
Beaumont_2006,0,
Beaumont_2007,0,
Beaumont_2008,0,
Beaumont_2009,0,
Beaumont_2010,0,
Beaumont_2011,0,
Beaumont_2012,0,
Beaumont_2013,0,
Beaumont_2014,0,
Beaumont_2015,1,
Beaumont_2016,0,
Beaumont_2017,0,
Beaumont_2018,0,
Beaumont_2019,8,
Brownsville_1990,0,
Brownsville_1991,0,
Brownsville_1992,0,
Brownsville_1993,0,
Brownsville_1994,0,
Brownsville_1995,0,
Brownsville_1996,0,
Brownsville_1997,0,
Brownsville_1998,0,
Brownsville_1999,0,
Brownsville_2000,0,
Brownsville_2001,0,
Brownsville_2002,0,
Brownsville_2003,0,
Brownsville_2004,3,
Brownsville_2005,0,
Brownsville_2006,0,
Brownsville_2007,0,
Brownsville_2008,0,
Brownsville_2009,0,
Brownsville_2010,0,
Brownsville_2011,0,
Brownsville_2012,0,
Brownsville_2013,0,
Brownsville_2014,0,
Brownsville_2015,0,
Brownsville_2016,0,
Brownsville_2017,0,
Brownsville_2018,0,
Brownsville_2019,0,
Corpus Christi_1990,0,
Corpus Christi_1991,0,
Corpus Christi_1992,0,
Corpus Christi_1993,0,
Corpus Christi_1994,0,
Corpus Christi_1995,0,
Corpus Christi_1996,0,
Corpus Christi_1997,0,
Corpus Christi_1998,0,
Corpus Christi_1999,0,
Corpus Christi_2000,0,
Corpus Christi_2001,0,
Corpus Christi_2002,0,
Corpus Christi_2003,0,
Corpus Christi_2004,0,
Corpus Christi_2005,0,
Corpus Christi_2006,0,
Corpus Christi_2007,0,
Corpus Christi_2008,3,
Corpus Christi_2009,0,
Corpus Christi_2010,1,
Corpus Christi_2011,0,
Corpus Christi_2012,0,
Corpus Christi_2013,0,
Corpus Christi_2014,0,
Corpus Christi_2015,0,
Corpus Christi_2016,0,
Corpus Christi_2017,0,
Corpus Christi_2018,0,
Corpus Christi_2019,0,
Dallas_1990,0,
Dallas_1991,0,
Dallas_1992,0,
Dallas_1993,0,
Dallas_1994,0,
Dallas_1995,0,
Dallas_1996,0,
Dallas_1997,3,
Dallas_1998,26,
Dallas_1999,0,
Dallas_2000,0,
Dallas_2001,0,
Dallas_2002,29,
Dallas_2003,11,
Dallas_2004,3,
Dallas_2005,1,
Dallas_2006,2,
Dallas_2007,1,
Dallas_2008,0,
Dallas_2009,2,
Dallas_2010,0,
Dallas_2011,0,
Dallas_2012,0,
Dallas_2013,0,
Dallas_2014,0,
Dallas_2015,0,
Dallas_2016,0,
Dallas_2017,0,
Dallas_2018,11,
Dallas_2019,12,
El Paso_1990,0,
El Paso_1991,0,
El Paso_1992,0,
El Paso_1993,0,
El Paso_1994,0,
El Paso_1995,0,
El Paso_1996,0,
El Paso_1997,0,
El Paso_1998,0,
El Paso_1999,0,
El Paso_2000,0,
El Paso_2001,0,
El Paso_2002,0,
El Paso_2003,0,
El Paso_2004,0,
El Paso_2005,0,
El Paso_2006,0,
El Paso_2007,2,
El Paso_2008,0,
El Paso_2009,0,
El Paso_2010,0,
El Paso_2011,0,
El Paso_2012,0,
El Paso_2013,0,
El Paso_2014,0,
El Paso_2015,0,
El Paso_2016,0,
El Paso_2017,0,
El Paso_2018,1,
El Paso_2019,0,
Fort Worth_1990,0,
Fort Worth_1991,0,
Fort Worth_1992,0,
Fort Worth_1993,0,
Fort Worth_1994,0,
Fort Worth_1995,0,
Fort Worth_1996,0,
Fort Worth_1997,0,
Fort Worth_1998,0,
Fort Worth_1999,0,
Fort Worth_2000,0,
Fort Worth_2001,0,
Fort Worth_2002,0,
Fort Worth_2003,0,
Fort Worth_2004,0,
Fort Worth_2005,3,
Fort Worth_2006,6,
Fort Worth_2007,2,
Fort Worth_2008,15,
Fort Worth_2009,9,
Fort Worth_2010,0,
Fort Worth_2011,2,
Fort Worth_2012,2,
Fort Worth_2013,1,
Fort Worth_2014,1,
Fort Worth_2015,0,
Fort Worth_2016,0,
Fort Worth_2017,0,
Fort Worth_2018,0,
Fort Worth_2019,0,
Laredo_1990,0,
Laredo_1991,0,
Laredo_1992,0,
Laredo_1993,0,
Laredo_1994,0,
Laredo_1995,0,
Laredo_1996,0,
Laredo_1997,0,
Laredo_1998,0,
Laredo_1999,0,
Laredo_2000,0,
Laredo_2001,0,
Laredo_2002,0,
Laredo_2003,0,
Laredo_2004,0,
Laredo_2005,0,
Laredo_2006,0,
Laredo_2007,0,
Laredo_2008,0,
Laredo_2009,0,
Laredo_2010,0,
Laredo_2011,1,
Laredo_2012,0,
Laredo_2013,0,
Laredo_2014,0,
Laredo_2015,0,
Laredo_2016,0,
Laredo_2017,0,
Laredo_2018,0,
Laredo_2019,0,
Lubbock_1990,0,
Lubbock_1991,0,
Lubbock_1992,0,
Lubbock_1993,0,
Lubbock_1994,0,
Lubbock_1995,0,
Lubbock_1996,0,
Lubbock_1997,0,
Lubbock_1998,0,
Lubbock_1999,0,
Lubbock_2000,0,
Lubbock_2001,0,
Lubbock_2002,0,
Lubbock_2003,0,
Lubbock_2004,0,
Lubbock_2005,0,
Lubbock_2006,0,
Lubbock_2007,0,
Lubbock_2008,0,
Lubbock_2009,0,
Lubbock_2010,0,
Lubbock_2011,0,
Lubbock_2012,0,
Lubbock_2013,0,
Lubbock_2014,0,
Lubbock_2015,0,
Lubbock_2016,0,
Lubbock_2017,0,
Lubbock_2018,0,
Lubbock_2019,0,
San Angelo_1990,0,
San Angelo_1991,0,
San Angelo_1992,0,
San Angelo_1993,0,
San Angelo_1994,0,
San Angelo_1995,0,
San Angelo_1996,0,
San Angelo_1997,0,
San Angelo_1998,0,
San Angelo_1999,0,
San Angelo_2000,0,
San Angelo_2001,0,
San Angelo_2002,0,
San Angelo_2003,0,
San Angelo_2004,0,
San Angelo_2005,0,
San Angelo_2006,0,
San Angelo_2007,0,
San Angelo_2008,0,
San Angelo_2009,1,
San Angelo_2010,0,
San Angelo_2011,0,
San Angelo_2012,0,
San Angelo_2013,0,
San Angelo_2014,0,
San Angelo_2015,0,
San Angelo_2016,0,
San Angelo_2017,0,
San Angelo_2018,0,
San Angelo_2019,0,
Tyler_1990,0,
Tyler_1991,0,
Tyler_1992,0,
Tyler_1993,0,
Tyler_1994,0,
Tyler_1995,0,
Tyler_1996,0,
Tyler_1997,0,
Tyler_1998,0,
Tyler_1999,0,
Tyler_2000,0,
Tyler_2001,0,
Tyler_2002,0,
Tyler_2003,0,
Tyler_2004,0,
Tyler_2005,0,
Tyler_2006,0,
Tyler_2007,0,
Tyler_2008,0,
Tyler_2009,0,
Tyler_2010,0,
Tyler_2011,0,
Tyler_2012,0,
Tyler_2013,0,
Tyler_2014,0,
Tyler_2015,0,
Tyler_2016,0,
Tyler_2017,0,
Tyler_2018,0,
Tyler_2019,0,
Victoria_1990,0,
Victoria_1991,0,
Victoria_1992,0,
Victoria_1993,0,
Victoria_1994,0,
Victoria_1995,0,
Victoria_1996,0,
Victoria_1997,0,
Victoria_1998,0,
Victoria_1999,0,
Victoria_2000,0,
Victoria_2001,0,
Victoria_2002,0,
Victoria_2003,0,
Victoria_2004,0,
Victoria_2005,0,
Victoria_2006,0,
Victoria_2007,0,
Victoria_2008,0,
Victoria_2009,0,
Victoria_2010,1,
Victoria_2011,0,
Victoria_2012,0,
Victoria_2013,0,
Victoria_2014,0,
Victoria_2015,0,
Victoria_2016,0,
Victoria_2017,4,
Victoria_2018,0,
Victoria_2019,0,
Salt Lake City_1990,0,
Salt Lake City_1991,0,
Salt Lake City_1992,0,
Salt Lake City_1993,0,
Salt Lake City_1994,0,
Salt Lake City_1995,0,
Salt Lake City_1996,0,
Salt Lake City_1997,0,
Salt Lake City_1998,0,
Salt Lake City_1999,0,
Salt Lake City_2000,0,
Salt Lake City_2001,0,
Salt Lake City_2002,5,
Salt Lake City_2003,0,
Salt Lake City_2004,0,
Salt Lake City_2005,0,
Salt Lake City_2006,0,
Salt Lake City_2007,0,
Salt Lake City_2008,0,
Salt Lake City_2009,0,
Salt Lake City_2010,0,
Salt Lake City_2011,0,
Salt Lake City_2012,0,
Salt Lake City_2013,0,
Salt Lake City_2014,0,
Salt Lake City_2015,0,
Salt Lake City_2016,0,
Salt Lake City_2017,0,
Salt Lake City_2018,6,
Salt Lake City_2019,1,
Burlington_1990,0,
Burlington_1991,0,
Burlington_1992,0,
Burlington_1993,0,
Burlington_1994,0,
Burlington_1995,0,
Burlington_1996,0,
Burlington_1997,0,
Burlington_1998,0,
Burlington_1999,0,
Burlington_2000,0,
Burlington_2001,0,
Burlington_2002,0,
Burlington_2003,0,
Burlington_2004,0,
Burlington_2005,0,
Burlington_2006,3,
Burlington_2007,1,
Burlington_2008,2,
Burlington_2009,0,
Burlington_2010,5,
Burlington_2011,0,
Burlington_2012,0,
Burlington_2013,0,
Burlington_2014,0,
Burlington_2015,0,
Burlington_2016,0,
Burlington_2017,0,
Burlington_2018,0,
Burlington_2019,1,
St. Thomas_1990,0,
St. Thomas_1991,0,
St. Thomas_1992,0,
St. Thomas_1993,0,
St. Thomas_1994,0,
St. Thomas_1995,0,
St. Thomas_1996,0,
St. Thomas_1997,0,
St. Thomas_1998,0,
St. Thomas_1999,0,
St. Thomas_2000,0,
St. Thomas_2001,0,
St. Thomas_2002,0,
St. Thomas_2003,0,
St. Thomas_2004,0,
St. Thomas_2005,0,
St. Thomas_2006,0,
St. Thomas_2007,0,
St. Thomas_2008,0,
St. Thomas_2009,0,
St. Thomas_2010,0,
St. Thomas_2011,0,
St. Thomas_2012,0,
St. Thomas_2013,0,
St. Thomas_2014,0,
St. Thomas_2015,0,
St. Thomas_2016,0,
St. Thomas_2017,0,
St. Thomas_2018,0,
St. Thomas_2019,1,
Arlington_1990,0,
Arlington_1991,0,
Arlington_1992,0,
Arlington_1993,0,
Arlington_1994,0,
Arlington_1995,0,
Arlington_1996,0,
Arlington_1997,0,
Arlington_1998,0,
Arlington_1999,0,
Arlington_2000,0,
Arlington_2001,0,
Arlington_2002,0,
Arlington_2003,0,
Arlington_2004,0,
Arlington_2005,0,
Arlington_2006,0,
Arlington_2007,0,
Arlington_2008,0,
Arlington_2009,0,
Arlington_2010,8,
Arlington_2011,0,
Arlington_2012,0,
Arlington_2013,0,
Arlington_2014,0,
Arlington_2015,0,
Arlington_2016,0,
Arlington_2017,0,
Arlington_2018,0,
Arlington_2019,0,
Richmond_1990,0,
Richmond_1991,0,
Richmond_1992,0,
Richmond_1993,0,
Richmond_1994,0,
Richmond_1995,0,
Richmond_1996,0,
Richmond_1997,0,
Richmond_1998,0,
Richmond_1999,0,
Richmond_2000,0,
Richmond_2001,0,
Richmond_2002,3,
Richmond_2003,0,
Richmond_2004,0,
Richmond_2005,0,
Richmond_2006,0,
Richmond_2007,0,
Richmond_2008,1,
Richmond_2009,0,
Richmond_2010,0,
Richmond_2011,0,
Richmond_2012,8,
Richmond_2013,0,
Richmond_2014,0,
Richmond_2015,0,
Richmond_2016,0,
Richmond_2017,0,
Richmond_2018,1,
Richmond_2019,12,
Spokane_1990,0,
Spokane_1991,0,
Spokane_1992,0,
Spokane_1993,0,
Spokane_1994,0,
Spokane_1995,0,
Spokane_1996,0,
Spokane_1997,0,
Spokane_1998,0,
Spokane_1999,0,
Spokane_2000,0,
Spokane_2001,0,
Spokane_2002,6,
Spokane_2003,2,
Spokane_2004,20,
Spokane_2005,3,
Spokane_2006,51,
Spokane_2007,46,
Spokane_2008,8,
Spokane_2009,13,
Spokane_2010,5,
Spokane_2011,1,
Spokane_2012,1,
Spokane_2013,1,
Spokane_2014,1,
Spokane_2015,1,
Spokane_2016,1,
Spokane_2017,0,
Spokane_2018,0,
Spokane_2019,0,
Yakima_1990,0,
Yakima_1991,0,
Yakima_1992,0,
Yakima_1993,0,
Yakima_1994,0,
Yakima_1995,0,
Yakima_1996,0,
Yakima_1997,0,
Yakima_1998,0,
Yakima_1999,0,
Yakima_2000,0,
Yakima_2001,0,
Yakima_2002,0,
Yakima_2003,0,
Yakima_2004,5,
Yakima_2005,0,
Yakima_2006,1,
Yakima_2007,0,
Yakima_2008,6,
Yakima_2009,1,
Yakima_2010,0,
Yakima_2011,4,
Yakima_2012,0,
Yakima_2013,1,
Yakima_2014,3,
Yakima_2015,0,
Yakima_2016,1,
Yakima_2017,0,
Yakima_2018,0,
Yakima_2019,0,
Wheeling-Charleston_1990,0,
Wheeling-Charleston_1991,0,
Wheeling-Charleston_1992,0,
Wheeling-Charleston_1993,0,
Wheeling-Charleston_1994,0,
Wheeling-Charleston_1995,0,
Wheeling-Charleston_1996,0,
Wheeling-Charleston_1997,0,
Wheeling-Charleston_1998,0,
Wheeling-Charleston_1999,0,
Wheeling-Charleston_2000,0,
Wheeling-Charleston_2001,0,
Wheeling-Charleston_2002,0,
Wheeling-Charleston_2003,0,
Wheeling-Charleston_2004,0,
Wheeling-Charleston_2005,0,
Wheeling-Charleston_2006,0,
Wheeling-Charleston_2007,0,
Wheeling-Charleston_2008,0,
Wheeling-Charleston_2009,0,
Wheeling-Charleston_2010,0,
Wheeling-Charleston_2011,0,
Wheeling-Charleston_2012,8,
Wheeling-Charleston_2013,0,
Wheeling-Charleston_2014,0,
Wheeling-Charleston_2015,0,
Wheeling-Charleston_2016,53,
Wheeling-Charleston_2017,0,
Wheeling-Charleston_2018,12,
Wheeling-Charleston_2019,33,
Green Bay_1990,0,
Green Bay_1991,0,
Green Bay_1992,0,
Green Bay_1993,0,
Green Bay_1994,0,
Green Bay_1995,0,
Green Bay_1996,0,
Green Bay_1997,0,
Green Bay_1998,0,
Green Bay_1999,0,
Green Bay_2000,0,
Green Bay_2001,0,
Green Bay_2002,3,
Green Bay_2003,2,
Green Bay_2004,3,
Green Bay_2005,0,
Green Bay_2006,1,
Green Bay_2007,0,
Green Bay_2008,6,
Green Bay_2009,0,
Green Bay_2010,2,
Green Bay_2011,0,
Green Bay_2012,9,
Green Bay_2013,3,
Green Bay_2014,0,
Green Bay_2015,4,
Green Bay_2016,0,
Green Bay_2017,1,
Green Bay_2018,0,
Green Bay_2019,12,
La Crosse_1990,0,
La Crosse_1991,0,
La Crosse_1992,0,
La Crosse_1993,0,
La Crosse_1994,0,
La Crosse_1995,0,
La Crosse_1996,0,
La Crosse_1997,0,
La Crosse_1998,0,
La Crosse_1999,0,
La Crosse_2000,0,
La Crosse_2001,0,
La Crosse_2002,0,
La Crosse_2003,0,
La Crosse_2004,0,
La Crosse_2005,0,
La Crosse_2006,0,
La Crosse_2007,0,
La Crosse_2008,0,
La Crosse_2009,0,
La Crosse_2010,0,
La Crosse_2011,0,
La Crosse_2012,0,
La Crosse_2013,0,
La Crosse_2014,0,
La Crosse_2015,0,
La Crosse_2016,0,
La Crosse_2017,0,
La Crosse_2018,0,
La Crosse_2019,0,
Madison_1990,0,
Madison_1991,0,
Madison_1992,0,
Madison_1993,0,
Madison_1994,0,
Madison_1995,0,
Madison_1996,0,
Madison_1997,0,
Madison_1998,0,
Madison_1999,0,
Madison_2000,0,
Madison_2001,0,
Madison_2002,2,
Madison_2003,2,
Madison_2004,0,
Madison_2005,0,
Madison_2006,3,
Madison_2007,4,
Madison_2008,5,
Madison_2009,0,
Madison_2010,0,
Madison_2011,0,
Madison_2012,0,
Madison_2013,0,
Madison_2014,0,
Madison_2015,0,
Madison_2016,0,
Madison_2017,22,
Madison_2018,0,
Madison_2019,0,
Superior_1990,0,
Superior_1991,0,
Superior_1992,0,
Superior_1993,0,
Superior_1994,0,
Superior_1995,0,
Superior_1996,0,
Superior_1997,0,
Superior_1998,0,
Superior_1999,0,
Superior_2000,0,
Superior_2001,0,
Superior_2002,0,
Superior_2003,0,
Superior_2004,0,
Superior_2005,0,
Superior_2006,5,
Superior_2007,0,
Superior_2008,0,
Superior_2009,0,
Superior_2010,0,
Superior_2011,0,
Superior_2012,0,
Superior_2013,0,
Superior_2014,0,
Superior_2015,0,
Superior_2016,0,
Superior_2017,0,
Superior_2018,0,
Superior_2019,0,
Cheyenne_1990,0,
Cheyenne_1991,0,
Cheyenne_1992,0,
Cheyenne_1993,0,
Cheyenne_1994,0,
Cheyenne_1995,0,
Cheyenne_1996,0,
Cheyenne_1997,0,
Cheyenne_1998,0,
Cheyenne_1999,0,
Cheyenne_2000,0,
Cheyenne_2001,0,
Cheyenne_2002,0,
Cheyenne_2003,0,
Cheyenne_2004,0,
Cheyenne_2005,0,
Cheyenne_2006,0,
Cheyenne_2007,0,
Cheyenne_2008,1,
Cheyenne_2009,0,
Cheyenne_2010,0,
Cheyenne_2011,0,
Cheyenne_2012,4,
Cheyenne_2013,0,
Cheyenne_2014,0,
Cheyenne_2015,0,
Cheyenne_2016,0,
Cheyenne_2017,0,
Cheyenne_2018,1,
Cheyenne_2019,2,
